{
  "variants": {
    "": [
      {
        "model": "minecraft:block/dark_oak_sapling",
        "weight": 1000
      },
      {
        "model": "minecraft:block/dark_oak_sapling",
        "y": 90,
        "weight": 1000
      },
      {
        "model": "minecraft:block/dark_oak_sapling",
        "y": 180,
        "weight": 1000
      },
      {
        "model": "minecraft:block/dark_oak_sapling_acorn",
        "weight": 1000
      },
      {
        "model": "minecraft:block/dark_oak_sapling_acorn",
        "y": 90,
        "weight": 1000
      },
      {
        "model": "minecraft:block/dark_oak_sapling_acorn",
        "y": 180,
        "weight": 1000
      }
    ]
  }
}
