{
	"credit": "Made by Botany",
	"textures": {
		"0": "block/beetroots_stage0",
		"1": "block/beetroots_stage1",
		"2": "block/beetroots_stage2",
		"particle": "block/beetroots_stage0"
	},
	"elements": [
		{
			"from": [10, 2, 8],
			"to": [11, 3, 9],
			"faces": {
				"north": {"uv": [7, 12, 8, 13], "texture": "#0"},
				"east": {"uv": [7, 12, 8, 13], "texture": "#0"},
				"south": {"uv": [7, 12, 8, 13], "texture": "#0"},
				"west": {"uv": [7, 12, 8, 13], "texture": "#0"},
				"up": {"uv": [7, 12, 8, 13], "texture": "#0"},
				"down": {"uv": [7, 12, 8, 13], "texture": "#0"}
			}
		},
		{
			"from": [9, 3, 8],
			"to": [10, 4, 9],
			"faces": {
				"north": {"uv": [7, 12, 8, 13], "texture": "#0"},
				"east": {"uv": [7, 12, 8, 13], "texture": "#0"},
				"south": {"uv": [7, 12, 8, 13], "texture": "#0"},
				"west": {"uv": [7, 12, 8, 13], "texture": "#0"},
				"up": {"uv": [7, 12, 8, 13], "texture": "#0"},
				"down": {"uv": [7, 12, 8, 13], "texture": "#0"}
			}
		},
		{
			"from": [10, 5, 8],
			"to": [11, 6, 9],
			"faces": {
				"north": {"uv": [7, 12, 8, 13], "texture": "#0"},
				"east": {"uv": [7, 12, 8, 13], "texture": "#0"},
				"south": {"uv": [7, 12, 8, 13], "texture": "#0"},
				"west": {"uv": [7, 12, 8, 13], "texture": "#0"},
				"up": {"uv": [7, 12, 8, 13], "texture": "#0"},
				"down": {"uv": [7, 12, 8, 13], "texture": "#0"}
			}
		},
		{
			"from": [13, 5, 8],
			"to": [14, 6, 9],
			"faces": {
				"north": {"uv": [7, 12, 8, 13], "texture": "#0"},
				"east": {"uv": [7, 12, 8, 13], "texture": "#0"},
				"south": {"uv": [7, 12, 8, 13], "texture": "#0"},
				"west": {"uv": [7, 12, 8, 13], "texture": "#0"},
				"up": {"uv": [7, 12, 8, 13], "texture": "#0"},
				"down": {"uv": [7, 12, 8, 13], "texture": "#0"}
			}
		},
		{
			"from": [12, 4, 8],
			"to": [13, 5, 9],
			"faces": {
				"north": {"uv": [7, 12, 8, 13], "texture": "#0"},
				"east": {"uv": [7, 12, 8, 13], "texture": "#0"},
				"south": {"uv": [7, 12, 8, 13], "texture": "#0"},
				"west": {"uv": [7, 12, 8, 13], "texture": "#0"},
				"up": {"uv": [7, 12, 8, 13], "texture": "#0"},
				"down": {"uv": [7, 12, 8, 13], "texture": "#0"}
			}
		},
		{
			"from": [8, 4, 8],
			"to": [9, 6, 9],
			"faces": {
				"north": {"uv": [7, 12, 8, 13], "texture": "#0"},
				"east": {"uv": [7, 12, 8, 13], "texture": "#0"},
				"south": {"uv": [7, 12, 8, 13], "texture": "#0"},
				"west": {"uv": [7, 12, 8, 13], "texture": "#0"},
				"up": {"uv": [7, 12, 8, 13], "texture": "#0"},
				"down": {"uv": [7, 12, 8, 13], "texture": "#0"}
			}
		},
		{
			"from": [9, 6, 8],
			"to": [10, 8, 9],
			"faces": {
				"north": {"uv": [7, 12, 8, 13], "texture": "#0"},
				"east": {"uv": [7, 12, 8, 13], "texture": "#0"},
				"south": {"uv": [7, 12, 8, 13], "texture": "#0"},
				"west": {"uv": [7, 12, 8, 13], "texture": "#0"},
				"up": {"uv": [7, 12, 8, 13], "texture": "#0"},
				"down": {"uv": [7, 12, 8, 13], "texture": "#0"}
			}
		},
		{
			"from": [8, 7, 8],
			"to": [9, 8, 9],
			"faces": {
				"north": {"uv": [7, 12, 8, 13], "texture": "#0"},
				"east": {"uv": [7, 12, 8, 13], "texture": "#0"},
				"south": {"uv": [7, 12, 8, 13], "texture": "#0"},
				"west": {"uv": [7, 12, 8, 13], "texture": "#0"},
				"up": {"uv": [7, 12, 8, 13], "texture": "#0"},
				"down": {"uv": [7, 12, 8, 13], "texture": "#0"}
			}
		},
		{
			"from": [7, 6, 8],
			"to": [8, 7, 9],
			"faces": {
				"north": {"uv": [7, 12, 8, 13], "texture": "#0"},
				"east": {"uv": [7, 12, 8, 13], "texture": "#0"},
				"south": {"uv": [7, 12, 8, 13], "texture": "#0"},
				"west": {"uv": [7, 12, 8, 13], "texture": "#0"},
				"up": {"uv": [7, 12, 8, 13], "texture": "#0"},
				"down": {"uv": [7, 12, 8, 13], "texture": "#0"}
			}
		},
		{
			"from": [9, 2, 8],
			"to": [10, 3, 9],
			"faces": {
				"north": {"uv": [12, 14, 13, 15], "texture": "#0"},
				"east": {"uv": [12, 14, 13, 15], "texture": "#0"},
				"south": {"uv": [12, 14, 13, 15], "texture": "#0"},
				"west": {"uv": [12, 14, 13, 15], "texture": "#0"},
				"up": {"uv": [12, 14, 13, 15], "texture": "#0"},
				"down": {"uv": [12, 14, 13, 15], "texture": "#0"}
			}
		},
		{
			"from": [8, 3, 8],
			"to": [9, 4, 9],
			"faces": {
				"north": {"uv": [12, 14, 13, 15], "texture": "#0"},
				"east": {"uv": [12, 14, 13, 15], "texture": "#0"},
				"south": {"uv": [12, 14, 13, 15], "texture": "#0"},
				"west": {"uv": [12, 14, 13, 15], "texture": "#0"},
				"up": {"uv": [12, 14, 13, 15], "texture": "#0"},
				"down": {"uv": [12, 14, 13, 15], "texture": "#0"}
			}
		},
		{
			"from": [9, 4, 8],
			"to": [10, 5, 9],
			"faces": {
				"north": {"uv": [12, 14, 13, 15], "texture": "#0"},
				"east": {"uv": [12, 14, 13, 15], "texture": "#0"},
				"south": {"uv": [12, 14, 13, 15], "texture": "#0"},
				"west": {"uv": [12, 14, 13, 15], "texture": "#0"},
				"up": {"uv": [12, 14, 13, 15], "texture": "#0"},
				"down": {"uv": [12, 14, 13, 15], "texture": "#0"}
			}
		},
		{
			"from": [9, 5, 8],
			"to": [10, 6, 9],
			"faces": {
				"north": {"uv": [12, 14, 13, 15], "texture": "#0"},
				"east": {"uv": [12, 14, 13, 15], "texture": "#0"},
				"south": {"uv": [12, 14, 13, 15], "texture": "#0"},
				"west": {"uv": [12, 14, 13, 15], "texture": "#0"},
				"up": {"uv": [12, 14, 13, 15], "texture": "#0"},
				"down": {"uv": [12, 14, 13, 15], "texture": "#0"}
			}
		},
		{
			"from": [10, 4, 8],
			"to": [11, 5, 9],
			"faces": {
				"north": {"uv": [12, 14, 13, 15], "texture": "#0"},
				"east": {"uv": [12, 14, 13, 15], "texture": "#0"},
				"south": {"uv": [12, 14, 13, 15], "texture": "#0"},
				"west": {"uv": [12, 14, 13, 15], "texture": "#0"},
				"up": {"uv": [12, 14, 13, 15], "texture": "#0"},
				"down": {"uv": [12, 14, 13, 15], "texture": "#0"}
			}
		},
		{
			"from": [11, 2, 8],
			"to": [12, 3, 9],
			"faces": {
				"north": {"uv": [12, 14, 13, 15], "texture": "#0"},
				"east": {"uv": [12, 14, 13, 15], "texture": "#0"},
				"south": {"uv": [12, 14, 13, 15], "texture": "#0"},
				"west": {"uv": [12, 14, 13, 15], "texture": "#0"},
				"up": {"uv": [12, 14, 13, 15], "texture": "#0"},
				"down": {"uv": [12, 14, 13, 15], "texture": "#0"}
			}
		},
		{
			"from": [10, 1, 8],
			"to": [11, 2, 9],
			"faces": {
				"north": {"uv": [12, 14, 13, 15], "texture": "#0"},
				"east": {"uv": [12, 14, 13, 15], "texture": "#0"},
				"south": {"uv": [12, 14, 13, 15], "texture": "#0"},
				"west": {"uv": [12, 14, 13, 15], "texture": "#0"},
				"up": {"uv": [12, 14, 13, 15], "texture": "#0"},
				"down": {"uv": [12, 14, 13, 15], "texture": "#0"}
			}
		},
		{
			"from": [12, 3, 8],
			"to": [13, 4, 9],
			"faces": {
				"north": {"uv": [12, 14, 13, 15], "texture": "#0"},
				"east": {"uv": [12, 14, 13, 15], "texture": "#0"},
				"south": {"uv": [12, 14, 13, 15], "texture": "#0"},
				"west": {"uv": [12, 14, 13, 15], "texture": "#0"},
				"up": {"uv": [12, 14, 13, 15], "texture": "#0"},
				"down": {"uv": [12, 14, 13, 15], "texture": "#0"}
			}
		},
		{
			"from": [11, 3, 8],
			"to": [12, 4, 9],
			"faces": {
				"north": {"uv": [12, 14, 13, 15], "texture": "#0"},
				"east": {"uv": [12, 14, 13, 15], "texture": "#0"},
				"south": {"uv": [12, 14, 13, 15], "texture": "#0"},
				"west": {"uv": [12, 14, 13, 15], "texture": "#0"},
				"up": {"uv": [12, 14, 13, 15], "texture": "#0"},
				"down": {"uv": [12, 14, 13, 15], "texture": "#0"}
			}
		},
		{
			"from": [10, 0, 8],
			"to": [11, 1, 9],
			"faces": {
				"north": {"uv": [12, 15, 13, 16], "texture": "#0"},
				"east": {"uv": [7, 15, 8, 16], "texture": "#2"},
				"south": {"uv": [12, 15, 13, 16], "texture": "#0"},
				"west": {"uv": [12, 15, 13, 16], "texture": "#0"},
				"up": {"uv": [12, 15, 13, 16], "texture": "#0"},
				"down": {"uv": [12, 15, 13, 16], "texture": "#0"}
			}
		},
		{
			"from": [11, 1, 8],
			"to": [12, 2, 9],
			"faces": {
				"north": {"uv": [12, 15, 13, 16], "texture": "#0"},
				"east": {"uv": [7, 15, 8, 16], "texture": "#2"},
				"south": {"uv": [12, 15, 13, 16], "texture": "#0"},
				"west": {"uv": [12, 15, 13, 16], "texture": "#0"},
				"up": {"uv": [12, 15, 13, 16], "texture": "#0"},
				"down": {"uv": [12, 15, 13, 16], "texture": "#0"}
			}
		},
		{
			"from": [12, 2, 8],
			"to": [13, 3, 9],
			"faces": {
				"north": {"uv": [12, 15, 13, 16], "texture": "#0"},
				"east": {"uv": [12, 15, 13, 16], "texture": "#0"},
				"south": {"uv": [12, 15, 13, 16], "texture": "#0"},
				"west": {"uv": [12, 15, 13, 16], "texture": "#0"},
				"up": {"uv": [12, 15, 13, 16], "texture": "#0"},
				"down": {"uv": [12, 15, 13, 16], "texture": "#0"}
			}
		},
		{
			"from": [13, 3, 8],
			"to": [14, 4, 9],
			"faces": {
				"north": {"uv": [12, 15, 13, 16], "texture": "#0"},
				"east": {"uv": [12, 15, 13, 16], "texture": "#0"},
				"south": {"uv": [12, 15, 13, 16], "texture": "#0"},
				"west": {"uv": [12, 15, 13, 16], "texture": "#0"},
				"up": {"uv": [12, 15, 13, 16], "texture": "#0"},
				"down": {"uv": [12, 15, 13, 16], "texture": "#0"}
			}
		},
		{
			"from": [12, 5, 8],
			"to": [13, 6, 9],
			"faces": {
				"north": {"uv": [12, 15, 13, 16], "texture": "#0"},
				"east": {"uv": [12, 15, 13, 16], "texture": "#0"},
				"south": {"uv": [12, 15, 13, 16], "texture": "#0"},
				"west": {"uv": [12, 15, 13, 16], "texture": "#0"},
				"up": {"uv": [12, 15, 13, 16], "texture": "#0"},
				"down": {"uv": [12, 15, 13, 16], "texture": "#0"}
			}
		},
		{
			"from": [14, 4, 8],
			"to": [15, 6, 9],
			"faces": {
				"north": {"uv": [12, 15, 13, 16], "texture": "#0"},
				"east": {"uv": [12, 15, 13, 16], "texture": "#0"},
				"south": {"uv": [12, 15, 13, 16], "texture": "#0"},
				"west": {"uv": [12, 15, 13, 16], "texture": "#0"},
				"up": {"uv": [12, 15, 13, 16], "texture": "#0"},
				"down": {"uv": [12, 15, 13, 16], "texture": "#0"}
			}
		},
		{
			"from": [11, 4, 8],
			"to": [12, 6, 9],
			"faces": {
				"north": {"uv": [12, 15, 13, 16], "texture": "#0"},
				"east": {"uv": [12, 15, 13, 16], "texture": "#0"},
				"south": {"uv": [12, 15, 13, 16], "texture": "#0"},
				"west": {"uv": [12, 15, 13, 16], "texture": "#0"},
				"up": {"uv": [12, 15, 13, 16], "texture": "#0"},
				"down": {"uv": [12, 15, 13, 16], "texture": "#0"}
			}
		},
		{
			"from": [12, 6, 8],
			"to": [14, 7, 9],
			"faces": {
				"north": {"uv": [12, 15, 13, 16], "texture": "#0"},
				"east": {"uv": [12, 15, 13, 16], "texture": "#0"},
				"south": {"uv": [12, 15, 13, 16], "texture": "#0"},
				"west": {"uv": [12, 15, 13, 16], "texture": "#0"},
				"up": {"uv": [12, 15, 13, 16], "texture": "#0"},
				"down": {"uv": [12, 15, 13, 16], "texture": "#0"}
			}
		},
		{
			"from": [10, 6, 8],
			"to": [11, 7, 9],
			"faces": {
				"north": {"uv": [12, 15, 13, 16], "texture": "#0"},
				"east": {"uv": [12, 15, 13, 16], "texture": "#0"},
				"south": {"uv": [12, 15, 13, 16], "texture": "#0"},
				"west": {"uv": [12, 15, 13, 16], "texture": "#0"},
				"up": {"uv": [12, 15, 13, 16], "texture": "#0"},
				"down": {"uv": [12, 15, 13, 16], "texture": "#0"}
			}
		},
		{
			"from": [10, 3, 8],
			"to": [11, 4, 9],
			"faces": {
				"north": {"uv": [12, 15, 13, 16], "texture": "#0"},
				"east": {"uv": [12, 15, 13, 16], "texture": "#0"},
				"south": {"uv": [12, 15, 13, 16], "texture": "#0"},
				"west": {"uv": [12, 15, 13, 16], "texture": "#0"},
				"up": {"uv": [12, 15, 13, 16], "texture": "#0"},
				"down": {"uv": [12, 15, 13, 16], "texture": "#0"}
			}
		},
		{
			"from": [7, 4, 8],
			"to": [8, 5, 9],
			"faces": {
				"north": {"uv": [12, 15, 13, 16], "texture": "#0"},
				"east": {"uv": [12, 15, 13, 16], "texture": "#0"},
				"south": {"uv": [12, 15, 13, 16], "texture": "#0"},
				"west": {"uv": [12, 15, 13, 16], "texture": "#0"},
				"up": {"uv": [12, 15, 13, 16], "texture": "#0"},
				"down": {"uv": [12, 15, 13, 16], "texture": "#0"}
			}
		},
		{
			"from": [9, 0, 8],
			"to": [10, 1, 9],
			"faces": {
				"north": {"uv": [12, 15, 13, 16], "texture": "#0"},
				"east": {"uv": [12, 15, 13, 16], "texture": "#0"},
				"south": {"uv": [12, 15, 13, 16], "texture": "#0"},
				"west": {"uv": [12, 15, 13, 16], "texture": "#0"},
				"up": {"uv": [12, 15, 13, 16], "texture": "#0"},
				"down": {"uv": [12, 15, 13, 16], "texture": "#0"}
			}
		},
		{
			"from": [11, 0, 8],
			"to": [12, 1, 9],
			"faces": {
				"north": {"uv": [13, 15, 14, 16], "texture": "#2"},
				"east": {"uv": [13, 15, 14, 16], "texture": "#2"},
				"south": {"uv": [13, 15, 14, 16], "texture": "#2"},
				"west": {"uv": [13, 15, 14, 16], "texture": "#2"},
				"up": {"uv": [13, 15, 14, 16], "texture": "#2"},
				"down": {"uv": [13, 15, 14, 16], "texture": "#2"}
			}
		},
		{
			"from": [12, 0, 8],
			"to": [13, 1, 9],
			"faces": {
				"north": {"uv": [14, 15, 15, 16], "texture": "#2"},
				"east": {"uv": [14, 15, 15, 16], "texture": "#2"},
				"south": {"uv": [14, 15, 15, 16], "texture": "#2"},
				"west": {"uv": [14, 15, 15, 16], "texture": "#2"},
				"up": {"uv": [14, 15, 15, 16], "texture": "#2"},
				"down": {"uv": [14, 15, 15, 16], "texture": "#2"}
			}
		},
		{
			"from": [10, 0, 7],
			"to": [11, 1, 8],
			"faces": {
				"north": {"uv": [13, 15, 14, 16], "texture": "#2"},
				"east": {"uv": [13, 15, 14, 16], "texture": "#2"},
				"south": {"uv": [13, 15, 14, 16], "texture": "#2"},
				"west": {"uv": [13, 15, 14, 16], "texture": "#2"},
				"up": {"uv": [13, 15, 14, 16], "texture": "#2"},
				"down": {"uv": [13, 15, 14, 16], "texture": "#2"}
			}
		},
		{
			"from": [12, 0, 9],
			"to": [13, 1, 10],
			"faces": {
				"north": {"uv": [13, 15, 14, 16], "texture": "#2"},
				"east": {"uv": [13, 15, 14, 16], "texture": "#2"},
				"south": {"uv": [13, 15, 14, 16], "texture": "#2"},
				"west": {"uv": [13, 15, 14, 16], "texture": "#2"},
				"up": {"uv": [13, 15, 14, 16], "texture": "#2"},
				"down": {"uv": [13, 15, 14, 16], "texture": "#2"}
			}
		},
		{
			"from": [12, 0, 7],
			"to": [13, 1, 8],
			"faces": {
				"north": {"uv": [13, 15, 14, 16], "texture": "#2"},
				"east": {"uv": [13, 15, 14, 16], "texture": "#2"},
				"south": {"uv": [13, 15, 14, 16], "texture": "#2"},
				"west": {"uv": [13, 15, 14, 16], "texture": "#2"},
				"up": {"uv": [13, 15, 14, 16], "texture": "#2"},
				"down": {"uv": [13, 15, 14, 16], "texture": "#2"}
			}
		},
		{
			"from": [11, 0, 7],
			"to": [12, 1, 8],
			"faces": {
				"north": {"uv": [14, 15, 15, 16], "texture": "#2"},
				"east": {"uv": [14, 15, 15, 16], "texture": "#2"},
				"south": {"uv": [14, 15, 15, 16], "texture": "#2"},
				"west": {"uv": [14, 15, 15, 16], "texture": "#2"},
				"up": {"uv": [14, 15, 15, 16], "texture": "#2"},
				"down": {"uv": [14, 15, 15, 16], "texture": "#2"}
			}
		},
		{
			"from": [10, 0, 9],
			"to": [11, 1, 10],
			"faces": {
				"north": {"uv": [13, 15, 14, 16], "texture": "#2"},
				"east": {"uv": [13, 15, 14, 16], "texture": "#2"},
				"south": {"uv": [13, 15, 14, 16], "texture": "#2"},
				"west": {"uv": [13, 15, 14, 16], "texture": "#2"},
				"up": {"uv": [13, 15, 14, 16], "texture": "#2"},
				"down": {"uv": [13, 15, 14, 16], "texture": "#2"}
			}
		},
		{
			"from": [11, 0, 9],
			"to": [12, 1, 10],
			"faces": {
				"north": {"uv": [14, 15, 15, 16], "texture": "#2"},
				"east": {"uv": [14, 15, 15, 16], "texture": "#2"},
				"south": {"uv": [14, 15, 15, 16], "texture": "#2"},
				"west": {"uv": [14, 15, 15, 16], "texture": "#2"},
				"up": {"uv": [14, 15, 15, 16], "texture": "#2"},
				"down": {"uv": [14, 15, 15, 16], "texture": "#2"}
			}
		},
		{
			"from": [13, 4, 8],
			"to": [14, 5, 9],
			"faces": {
				"north": {"uv": [12, 14, 13, 15], "texture": "#0"},
				"east": {"uv": [12, 14, 13, 15], "texture": "#0"},
				"south": {"uv": [12, 14, 13, 15], "texture": "#0"},
				"west": {"uv": [12, 14, 13, 15], "texture": "#0"},
				"up": {"uv": [12, 14, 13, 15], "texture": "#0"},
				"down": {"uv": [12, 14, 13, 15], "texture": "#0"}
			}
		},
		{
			"from": [7, 5, 8],
			"to": [8, 6, 9],
			"faces": {
				"north": {"uv": [12, 14, 13, 15], "texture": "#0"},
				"east": {"uv": [12, 14, 13, 15], "texture": "#0"},
				"south": {"uv": [12, 14, 13, 15], "texture": "#0"},
				"west": {"uv": [12, 14, 13, 15], "texture": "#0"},
				"up": {"uv": [12, 14, 13, 15], "texture": "#0"},
				"down": {"uv": [12, 14, 13, 15], "texture": "#0"}
			}
		},
		{
			"from": [8, 6, 8],
			"to": [9, 7, 9],
			"faces": {
				"north": {"uv": [12, 14, 13, 15], "texture": "#0"},
				"east": {"uv": [12, 14, 13, 15], "texture": "#0"},
				"south": {"uv": [12, 14, 13, 15], "texture": "#0"},
				"west": {"uv": [12, 14, 13, 15], "texture": "#0"},
				"up": {"uv": [12, 14, 13, 15], "texture": "#0"},
				"down": {"uv": [12, 14, 13, 15], "texture": "#0"}
			}
		},
		{
			"from": [7, 1, 4],
			"to": [8, 2, 5],
			"faces": {
				"north": {"uv": [12, 14, 13, 15], "texture": "#0"},
				"east": {"uv": [12, 14, 13, 15], "texture": "#0"},
				"south": {"uv": [12, 14, 13, 15], "texture": "#0"},
				"west": {"uv": [12, 14, 13, 15], "texture": "#0"},
				"up": {"uv": [12, 14, 13, 15], "texture": "#0"},
				"down": {"uv": [12, 14, 13, 15], "texture": "#0"}
			}
		},
		{
			"from": [7, 0, 4],
			"to": [8, 1, 5],
			"faces": {
				"north": {"uv": [12, 15, 13, 16], "texture": "#0"},
				"east": {"uv": [12, 15, 13, 16], "texture": "#1"},
				"south": {"uv": [12, 15, 13, 16], "texture": "#0"},
				"west": {"uv": [12, 15, 13, 16], "texture": "#0"},
				"up": {"uv": [12, 15, 13, 16], "texture": "#0"},
				"down": {"uv": [12, 15, 13, 16], "texture": "#0"}
			}
		},
		{
			"from": [7, 1, 5],
			"to": [8, 2, 6],
			"faces": {
				"north": {"uv": [12, 15, 13, 16], "texture": "#0"},
				"east": {"uv": [12, 15, 13, 16], "texture": "#1"},
				"south": {"uv": [12, 15, 13, 16], "texture": "#0"},
				"west": {"uv": [12, 15, 13, 16], "texture": "#0"},
				"up": {"uv": [12, 15, 13, 16], "texture": "#0"},
				"down": {"uv": [12, 15, 13, 16], "texture": "#0"}
			}
		},
		{
			"from": [7, 2, 4],
			"to": [8, 4, 5],
			"faces": {
				"north": {"uv": [12, 15, 13, 16], "texture": "#0"},
				"east": {"uv": [12, 15, 13, 16], "texture": "#2"},
				"south": {"uv": [12, 15, 13, 16], "texture": "#0"},
				"west": {"uv": [12, 15, 13, 16], "texture": "#0"},
				"up": {"uv": [12, 15, 13, 16], "texture": "#0"},
				"down": {"uv": [12, 15, 13, 16], "texture": "#0"}
			}
		},
		{
			"from": [7, 4, 1],
			"to": [8, 5, 2],
			"faces": {
				"north": {"uv": [12, 15, 13, 16], "texture": "#0"},
				"east": {"uv": [12, 15, 13, 16], "texture": "#2"},
				"south": {"uv": [12, 15, 13, 16], "texture": "#0"},
				"west": {"uv": [12, 15, 13, 16], "texture": "#0"},
				"up": {"uv": [12, 15, 13, 16], "texture": "#0"},
				"down": {"uv": [12, 15, 13, 16], "texture": "#0"}
			}
		},
		{
			"from": [7, 5, 2],
			"to": [8, 6, 3],
			"faces": {
				"north": {"uv": [12, 15, 13, 16], "texture": "#0"},
				"east": {"uv": [12, 15, 13, 16], "texture": "#2"},
				"south": {"uv": [12, 15, 13, 16], "texture": "#0"},
				"west": {"uv": [12, 15, 13, 16], "texture": "#0"},
				"up": {"uv": [12, 15, 13, 16], "texture": "#0"},
				"down": {"uv": [12, 15, 13, 16], "texture": "#0"}
			}
		},
		{
			"from": [7, 2, 5],
			"to": [8, 3, 6],
			"faces": {
				"north": {"uv": [11, 13, 12, 14], "texture": "#0"},
				"east": {"uv": [11, 13, 12, 14], "texture": "#0"},
				"south": {"uv": [11, 13, 12, 14], "texture": "#0"},
				"west": {"uv": [11, 13, 12, 14], "texture": "#0"},
				"up": {"uv": [11, 13, 12, 14], "texture": "#0"},
				"down": {"uv": [11, 13, 12, 14], "texture": "#0"}
			}
		},
		{
			"from": [7, 2, 3],
			"to": [8, 3, 4],
			"faces": {
				"north": {"uv": [11, 13, 12, 14], "texture": "#0"},
				"east": {"uv": [11, 13, 12, 14], "texture": "#0"},
				"south": {"uv": [11, 13, 12, 14], "texture": "#0"},
				"west": {"uv": [11, 13, 12, 14], "texture": "#0"},
				"up": {"uv": [11, 13, 12, 14], "texture": "#0"},
				"down": {"uv": [11, 13, 12, 14], "texture": "#0"}
			}
		},
		{
			"from": [7, 3, 2],
			"to": [8, 4, 3],
			"faces": {
				"north": {"uv": [11, 13, 12, 14], "texture": "#0"},
				"east": {"uv": [11, 13, 12, 14], "texture": "#0"},
				"south": {"uv": [11, 13, 12, 14], "texture": "#0"},
				"west": {"uv": [11, 13, 12, 14], "texture": "#0"},
				"up": {"uv": [11, 13, 12, 14], "texture": "#0"},
				"down": {"uv": [11, 13, 12, 14], "texture": "#0"}
			}
		},
		{
			"from": [7, 5, 3],
			"to": [8, 6, 4],
			"faces": {
				"north": {"uv": [11, 13, 12, 14], "texture": "#0"},
				"east": {"uv": [11, 13, 12, 14], "texture": "#0"},
				"south": {"uv": [11, 13, 12, 14], "texture": "#0"},
				"west": {"uv": [11, 13, 12, 14], "texture": "#0"},
				"up": {"uv": [11, 13, 12, 14], "texture": "#0"},
				"down": {"uv": [11, 13, 12, 14], "texture": "#0"}
			}
		},
		{
			"from": [7, 7, 1],
			"to": [8, 8, 2],
			"faces": {
				"north": {"uv": [11, 13, 12, 14], "texture": "#0"},
				"east": {"uv": [11, 13, 12, 14], "texture": "#0"},
				"south": {"uv": [11, 13, 12, 14], "texture": "#0"},
				"west": {"uv": [11, 13, 12, 14], "texture": "#0"},
				"up": {"uv": [11, 13, 12, 14], "texture": "#0"},
				"down": {"uv": [11, 13, 12, 14], "texture": "#0"}
			}
		},
		{
			"from": [7, 6, 1],
			"to": [8, 7, 3],
			"faces": {
				"north": {"uv": [11, 13, 12, 14], "texture": "#0"},
				"east": {"uv": [11, 13, 12, 14], "texture": "#0"},
				"south": {"uv": [11, 13, 12, 14], "texture": "#0"},
				"west": {"uv": [11, 13, 12, 14], "texture": "#0"},
				"up": {"uv": [11, 13, 12, 14], "texture": "#0"},
				"down": {"uv": [11, 13, 12, 14], "texture": "#0"}
			}
		},
		{
			"from": [7, 1, 3],
			"to": [8, 2, 4],
			"faces": {
				"north": {"uv": [12, 14, 13, 15], "texture": "#0"},
				"east": {"uv": [12, 14, 13, 15], "texture": "#0"},
				"south": {"uv": [12, 14, 13, 15], "texture": "#0"},
				"west": {"uv": [12, 14, 13, 15], "texture": "#0"},
				"up": {"uv": [12, 14, 13, 15], "texture": "#0"},
				"down": {"uv": [12, 14, 13, 15], "texture": "#0"}
			}
		},
		{
			"from": [7, 2, 2],
			"to": [8, 3, 3],
			"faces": {
				"north": {"uv": [12, 14, 13, 15], "texture": "#0"},
				"east": {"uv": [12, 14, 13, 15], "texture": "#0"},
				"south": {"uv": [12, 14, 13, 15], "texture": "#0"},
				"west": {"uv": [12, 14, 13, 15], "texture": "#0"},
				"up": {"uv": [12, 14, 13, 15], "texture": "#0"},
				"down": {"uv": [12, 14, 13, 15], "texture": "#0"}
			}
		},
		{
			"from": [7, 3, 3],
			"to": [8, 4, 4],
			"faces": {
				"north": {"uv": [12, 14, 13, 15], "texture": "#0"},
				"east": {"uv": [12, 14, 13, 15], "texture": "#0"},
				"south": {"uv": [12, 14, 13, 15], "texture": "#0"},
				"west": {"uv": [12, 14, 13, 15], "texture": "#0"},
				"up": {"uv": [12, 14, 13, 15], "texture": "#0"},
				"down": {"uv": [12, 14, 13, 15], "texture": "#0"}
			}
		},
		{
			"from": [7, 6, 3],
			"to": [8, 7, 4],
			"faces": {
				"north": {"uv": [12, 14, 13, 15], "texture": "#0"},
				"east": {"uv": [12, 14, 13, 15], "texture": "#0"},
				"south": {"uv": [12, 14, 13, 15], "texture": "#0"},
				"west": {"uv": [12, 14, 13, 15], "texture": "#0"},
				"up": {"uv": [12, 14, 13, 15], "texture": "#0"},
				"down": {"uv": [12, 14, 13, 15], "texture": "#0"}
			}
		},
		{
			"from": [7, 5, 1],
			"to": [8, 6, 2],
			"faces": {
				"north": {"uv": [12, 14, 13, 15], "texture": "#0"},
				"east": {"uv": [12, 14, 13, 15], "texture": "#0"},
				"south": {"uv": [12, 14, 13, 15], "texture": "#0"},
				"west": {"uv": [12, 14, 13, 15], "texture": "#0"},
				"up": {"uv": [12, 14, 13, 15], "texture": "#0"},
				"down": {"uv": [12, 14, 13, 15], "texture": "#0"}
			}
		},
		{
			"from": [7, 7, 2],
			"to": [8, 8, 3],
			"faces": {
				"north": {"uv": [12, 14, 13, 15], "texture": "#0"},
				"east": {"uv": [12, 14, 13, 15], "texture": "#0"},
				"south": {"uv": [12, 14, 13, 15], "texture": "#0"},
				"west": {"uv": [12, 14, 13, 15], "texture": "#0"},
				"up": {"uv": [12, 14, 13, 15], "texture": "#0"},
				"down": {"uv": [12, 14, 13, 15], "texture": "#0"}
			}
		},
		{
			"from": [7, 4, 2],
			"to": [8, 5, 5],
			"faces": {
				"north": {"uv": [12, 14, 13, 15], "texture": "#0"},
				"east": {"uv": [12, 14, 13, 15], "texture": "#0"},
				"south": {"uv": [12, 14, 13, 15], "texture": "#0"},
				"west": {"uv": [12, 14, 13, 15], "texture": "#0"},
				"up": {"uv": [12, 14, 13, 15], "texture": "#0"},
				"down": {"uv": [12, 14, 13, 15], "texture": "#0"}
			}
		},
		{
			"from": [7, 0, 3],
			"to": [8, 1, 4],
			"faces": {
				"north": {"uv": [13, 15, 14, 16], "texture": "#2"},
				"east": {"uv": [13, 15, 14, 16], "texture": "#2"},
				"south": {"uv": [13, 15, 14, 16], "texture": "#2"},
				"west": {"uv": [13, 15, 14, 16], "texture": "#2"},
				"up": {"uv": [13, 15, 14, 16], "texture": "#2"},
				"down": {"uv": [13, 15, 14, 16], "texture": "#2"}
			}
		},
		{
			"from": [8, 0, 5],
			"to": [9, 1, 6],
			"faces": {
				"north": {"uv": [13, 15, 14, 16], "texture": "#2"},
				"east": {"uv": [13, 15, 14, 16], "texture": "#2"},
				"south": {"uv": [13, 15, 14, 16], "texture": "#2"},
				"west": {"uv": [13, 15, 14, 16], "texture": "#2"},
				"up": {"uv": [13, 15, 14, 16], "texture": "#2"},
				"down": {"uv": [13, 15, 14, 16], "texture": "#2"}
			}
		},
		{
			"from": [6, 0, 4],
			"to": [7, 1, 5],
			"faces": {
				"north": {"uv": [14, 15, 15, 16], "texture": "#2"},
				"east": {"uv": [14, 15, 15, 16], "texture": "#2"},
				"south": {"uv": [14, 15, 15, 16], "texture": "#2"},
				"west": {"uv": [14, 15, 15, 16], "texture": "#2"},
				"up": {"uv": [14, 15, 15, 16], "texture": "#2"},
				"down": {"uv": [14, 15, 15, 16], "texture": "#2"}
			}
		},
		{
			"from": [6, 0, 5],
			"to": [7, 1, 6],
			"faces": {
				"north": {"uv": [13, 15, 14, 16], "texture": "#2"},
				"east": {"uv": [13, 15, 14, 16], "texture": "#2"},
				"south": {"uv": [13, 15, 14, 16], "texture": "#2"},
				"west": {"uv": [13, 15, 14, 16], "texture": "#2"},
				"up": {"uv": [13, 15, 14, 16], "texture": "#2"},
				"down": {"uv": [13, 15, 14, 16], "texture": "#2"}
			}
		},
		{
			"from": [6, 0, 3],
			"to": [7, 1, 4],
			"faces": {
				"north": {"uv": [13, 15, 14, 16], "texture": "#2"},
				"east": {"uv": [13, 15, 14, 16], "texture": "#2"},
				"south": {"uv": [13, 15, 14, 16], "texture": "#2"},
				"west": {"uv": [13, 15, 14, 16], "texture": "#2"},
				"up": {"uv": [13, 15, 14, 16], "texture": "#2"},
				"down": {"uv": [13, 15, 14, 16], "texture": "#2"}
			}
		},
		{
			"from": [7, 0, 5],
			"to": [8, 1, 6],
			"faces": {
				"north": {"uv": [14, 15, 15, 16], "texture": "#2"},
				"east": {"uv": [14, 15, 15, 16], "texture": "#2"},
				"south": {"uv": [14, 15, 15, 16], "texture": "#2"},
				"west": {"uv": [14, 15, 15, 16], "texture": "#2"},
				"up": {"uv": [14, 15, 15, 16], "texture": "#2"},
				"down": {"uv": [14, 15, 15, 16], "texture": "#2"}
			}
		},
		{
			"from": [8, 0, 3],
			"to": [9, 1, 4],
			"faces": {
				"north": {"uv": [14, 15, 15, 16], "texture": "#2"},
				"east": {"uv": [14, 15, 15, 16], "texture": "#2"},
				"south": {"uv": [14, 15, 15, 16], "texture": "#2"},
				"west": {"uv": [14, 15, 15, 16], "texture": "#2"},
				"up": {"uv": [14, 15, 15, 16], "texture": "#2"},
				"down": {"uv": [14, 15, 15, 16], "texture": "#2"}
			}
		},
		{
			"from": [8, 0, 4],
			"to": [9, 1, 5],
			"faces": {
				"north": {"uv": [14, 15, 15, 16], "texture": "#2"},
				"east": {"uv": [14, 15, 15, 16], "texture": "#2"},
				"south": {"uv": [14, 15, 15, 16], "texture": "#2"},
				"west": {"uv": [14, 15, 15, 16], "texture": "#2"},
				"up": {"uv": [14, 15, 15, 16], "texture": "#2"},
				"down": {"uv": [14, 15, 15, 16], "texture": "#2"}
			}
		},
		{
			"from": [5, 1, 12],
			"to": [6, 2, 13],
			"faces": {
				"north": {"uv": [12, 14, 13, 15], "texture": "#0"},
				"east": {"uv": [12, 14, 13, 15], "texture": "#0"},
				"south": {"uv": [12, 14, 13, 15], "texture": "#0"},
				"west": {"uv": [12, 14, 13, 15], "texture": "#0"},
				"up": {"uv": [12, 14, 13, 15], "texture": "#0"},
				"down": {"uv": [12, 14, 13, 15], "texture": "#0"}
			}
		},
		{
			"from": [5, 2, 11],
			"to": [6, 3, 12],
			"faces": {
				"north": {"uv": [12, 14, 13, 15], "texture": "#0"},
				"east": {"uv": [12, 14, 13, 15], "texture": "#0"},
				"south": {"uv": [12, 14, 13, 15], "texture": "#0"},
				"west": {"uv": [12, 14, 13, 15], "texture": "#0"},
				"up": {"uv": [12, 14, 13, 15], "texture": "#0"},
				"down": {"uv": [12, 14, 13, 15], "texture": "#0"}
			}
		},
		{
			"from": [5, 1, 13],
			"to": [6, 4, 14],
			"faces": {
				"north": {"uv": [12, 14, 13, 15], "texture": "#0"},
				"east": {"uv": [12, 14, 13, 15], "texture": "#0"},
				"south": {"uv": [12, 14, 13, 15], "texture": "#0"},
				"west": {"uv": [12, 14, 13, 15], "texture": "#0"},
				"up": {"uv": [12, 14, 13, 15], "texture": "#0"},
				"down": {"uv": [12, 14, 13, 15], "texture": "#0"}
			}
		},
		{
			"from": [5, 6, 13],
			"to": [6, 7, 14],
			"faces": {
				"north": {"uv": [12, 14, 13, 15], "texture": "#0"},
				"east": {"uv": [12, 14, 13, 15], "texture": "#0"},
				"south": {"uv": [12, 14, 13, 15], "texture": "#0"},
				"west": {"uv": [12, 14, 13, 15], "texture": "#0"},
				"up": {"uv": [12, 14, 13, 15], "texture": "#0"},
				"down": {"uv": [12, 14, 13, 15], "texture": "#0"}
			}
		},
		{
			"from": [5, 5, 14],
			"to": [6, 6, 15],
			"faces": {
				"north": {"uv": [12, 14, 13, 15], "texture": "#0"},
				"east": {"uv": [12, 14, 13, 15], "texture": "#0"},
				"south": {"uv": [12, 14, 13, 15], "texture": "#0"},
				"west": {"uv": [12, 14, 13, 15], "texture": "#0"},
				"up": {"uv": [12, 14, 13, 15], "texture": "#0"},
				"down": {"uv": [12, 14, 13, 15], "texture": "#0"}
			}
		},
		{
			"from": [5, 0, 11],
			"to": [6, 1, 12],
			"faces": {
				"north": {"uv": [12, 15, 13, 16], "texture": "#0"},
				"east": {"uv": [12, 15, 13, 16], "texture": "#0"},
				"south": {"uv": [12, 15, 13, 16], "texture": "#0"},
				"west": {"uv": [12, 15, 13, 16], "texture": "#0"},
				"up": {"uv": [12, 15, 13, 16], "texture": "#0"},
				"down": {"uv": [12, 15, 13, 16], "texture": "#0"}
			}
		},
		{
			"from": [5, 0, 12],
			"to": [6, 1, 13],
			"faces": {
				"north": {"uv": [12, 15, 13, 16], "texture": "#0"},
				"east": {"uv": [12, 15, 13, 16], "texture": "#0"},
				"south": {"uv": [12, 15, 13, 16], "texture": "#0"},
				"west": {"uv": [12, 15, 13, 16], "texture": "#0"},
				"up": {"uv": [12, 15, 13, 16], "texture": "#0"},
				"down": {"uv": [12, 15, 13, 16], "texture": "#0"}
			}
		},
		{
			"from": [5, 0, 12],
			"to": [6, 1, 13],
			"faces": {
				"north": {"uv": [14, 15, 15, 16], "texture": "#2"},
				"east": {"uv": [14, 15, 15, 16], "texture": "#2"},
				"south": {"uv": [14, 15, 15, 16], "texture": "#2"},
				"west": {"uv": [14, 15, 15, 16], "texture": "#2"},
				"up": {"uv": [14, 15, 15, 16], "texture": "#2"},
				"down": {"uv": [14, 15, 15, 16], "texture": "#2"}
			}
		},
		{
			"from": [5, 2, 12],
			"to": [6, 3, 13],
			"faces": {
				"north": {"uv": [12, 15, 13, 16], "texture": "#0"},
				"east": {"uv": [12, 15, 13, 16], "texture": "#0"},
				"south": {"uv": [12, 15, 13, 16], "texture": "#0"},
				"west": {"uv": [12, 15, 13, 16], "texture": "#0"},
				"up": {"uv": [12, 15, 13, 16], "texture": "#0"},
				"down": {"uv": [12, 15, 13, 16], "texture": "#0"}
			}
		},
		{
			"from": [5, 4, 12],
			"to": [6, 5, 13],
			"faces": {
				"north": {"uv": [12, 15, 13, 16], "texture": "#0"},
				"east": {"uv": [12, 15, 13, 16], "texture": "#0"},
				"south": {"uv": [12, 15, 13, 16], "texture": "#0"},
				"west": {"uv": [12, 15, 13, 16], "texture": "#0"},
				"up": {"uv": [12, 15, 13, 16], "texture": "#0"},
				"down": {"uv": [12, 15, 13, 16], "texture": "#0"}
			}
		},
		{
			"from": [5, 3, 11],
			"to": [6, 4, 13],
			"faces": {
				"north": {"uv": [11, 13, 12, 14], "texture": "#0"},
				"east": {"uv": [11, 13, 12, 14], "texture": "#0"},
				"south": {"uv": [11, 13, 12, 14], "texture": "#0"},
				"west": {"uv": [11, 13, 12, 14], "texture": "#0"},
				"up": {"uv": [11, 13, 12, 14], "texture": "#0"},
				"down": {"uv": [11, 13, 12, 14], "texture": "#0"}
			}
		},
		{
			"from": [5, 4, 13],
			"to": [6, 6, 14],
			"faces": {
				"north": {"uv": [11, 13, 12, 14], "texture": "#0"},
				"east": {"uv": [11, 13, 12, 14], "texture": "#0"},
				"south": {"uv": [11, 13, 12, 14], "texture": "#0"},
				"west": {"uv": [11, 13, 12, 14], "texture": "#0"},
				"up": {"uv": [11, 13, 12, 14], "texture": "#0"},
				"down": {"uv": [11, 13, 12, 14], "texture": "#0"}
			}
		},
		{
			"from": [5, 3, 14],
			"to": [6, 5, 15],
			"faces": {
				"north": {"uv": [11, 13, 12, 14], "texture": "#0"},
				"east": {"uv": [11, 13, 12, 14], "texture": "#0"},
				"south": {"uv": [11, 13, 12, 14], "texture": "#0"},
				"west": {"uv": [11, 13, 12, 14], "texture": "#0"},
				"up": {"uv": [11, 13, 12, 14], "texture": "#0"},
				"down": {"uv": [11, 13, 12, 14], "texture": "#0"}
			}
		},
		{
			"from": [12, 1, 3],
			"to": [13, 2, 4],
			"faces": {
				"north": {"uv": [12, 14, 13, 15], "texture": "#0"},
				"east": {"uv": [12, 14, 13, 15], "texture": "#0"},
				"south": {"uv": [12, 14, 13, 15], "texture": "#0"},
				"west": {"uv": [12, 14, 13, 15], "texture": "#0"},
				"up": {"uv": [12, 14, 13, 15], "rotation": 180, "texture": "#0"},
				"down": {"uv": [12, 14, 13, 15], "rotation": 180, "texture": "#0"}
			}
		},
		{
			"from": [12, 2, 4],
			"to": [13, 3, 5],
			"faces": {
				"north": {"uv": [12, 14, 13, 15], "texture": "#0"},
				"east": {"uv": [12, 14, 13, 15], "texture": "#0"},
				"south": {"uv": [12, 14, 13, 15], "texture": "#0"},
				"west": {"uv": [12, 14, 13, 15], "texture": "#0"},
				"up": {"uv": [12, 14, 13, 15], "rotation": 180, "texture": "#0"},
				"down": {"uv": [12, 14, 13, 15], "rotation": 180, "texture": "#0"}
			}
		},
		{
			"from": [12, 1, 2],
			"to": [13, 2, 3],
			"faces": {
				"north": {"uv": [12, 14, 13, 15], "texture": "#0"},
				"east": {"uv": [12, 14, 13, 15], "texture": "#0"},
				"south": {"uv": [12, 14, 13, 15], "texture": "#0"},
				"west": {"uv": [12, 14, 13, 15], "texture": "#0"},
				"up": {"uv": [12, 14, 13, 15], "rotation": 180, "texture": "#0"},
				"down": {"uv": [12, 14, 13, 15], "rotation": 180, "texture": "#0"}
			}
		},
		{
			"from": [12, 2, 2],
			"to": [13, 3, 3],
			"faces": {
				"north": {"uv": [12, 14, 13, 15], "texture": "#0"},
				"east": {"uv": [12, 14, 13, 15], "texture": "#0"},
				"south": {"uv": [12, 14, 13, 15], "texture": "#0"},
				"west": {"uv": [12, 14, 13, 15], "texture": "#0"},
				"up": {"uv": [12, 14, 13, 15], "rotation": 180, "texture": "#0"},
				"down": {"uv": [12, 14, 13, 15], "rotation": 180, "texture": "#0"}
			}
		},
		{
			"from": [12, 0, 4],
			"to": [13, 1, 5],
			"faces": {
				"north": {"uv": [12, 15, 13, 16], "texture": "#0"},
				"east": {"uv": [12, 15, 13, 16], "texture": "#0"},
				"south": {"uv": [12, 15, 13, 16], "texture": "#0"},
				"west": {"uv": [12, 15, 13, 16], "texture": "#0"},
				"up": {"uv": [12, 15, 13, 16], "rotation": 180, "texture": "#0"},
				"down": {"uv": [12, 15, 13, 16], "rotation": 180, "texture": "#0"}
			}
		},
		{
			"from": [12, 0, 3],
			"to": [13, 1, 4],
			"faces": {
				"north": {"uv": [12, 15, 13, 16], "texture": "#0"},
				"east": {"uv": [12, 15, 13, 16], "texture": "#0"},
				"south": {"uv": [12, 15, 13, 16], "texture": "#0"},
				"west": {"uv": [12, 15, 13, 16], "texture": "#0"},
				"up": {"uv": [12, 15, 13, 16], "rotation": 180, "texture": "#0"},
				"down": {"uv": [12, 15, 13, 16], "rotation": 180, "texture": "#0"}
			}
		},
		{
			"from": [12, 2, 3],
			"to": [13, 3, 4],
			"faces": {
				"north": {"uv": [12, 15, 13, 16], "texture": "#0"},
				"east": {"uv": [12, 15, 13, 16], "texture": "#0"},
				"south": {"uv": [12, 15, 13, 16], "texture": "#0"},
				"west": {"uv": [12, 15, 13, 16], "texture": "#0"},
				"up": {"uv": [12, 15, 13, 16], "rotation": 180, "texture": "#0"},
				"down": {"uv": [12, 15, 13, 16], "rotation": 180, "texture": "#0"}
			}
		},
		{
			"from": [12, 3, 4],
			"to": [13, 4, 5],
			"faces": {
				"north": {"uv": [11, 13, 12, 14], "texture": "#0"},
				"east": {"uv": [11, 13, 12, 14], "texture": "#0"},
				"south": {"uv": [11, 13, 12, 14], "texture": "#0"},
				"west": {"uv": [11, 13, 12, 14], "texture": "#0"},
				"up": {"uv": [11, 13, 12, 14], "rotation": 180, "texture": "#0"},
				"down": {"uv": [11, 13, 12, 14], "rotation": 180, "texture": "#0"}
			}
		},
		{
			"from": [12, 3, 3],
			"to": [13, 4, 4],
			"faces": {
				"north": {"uv": [11, 13, 12, 14], "texture": "#0"},
				"east": {"uv": [11, 13, 12, 14], "texture": "#0"},
				"south": {"uv": [11, 13, 12, 14], "texture": "#0"},
				"west": {"uv": [11, 13, 12, 14], "texture": "#0"},
				"up": {"uv": [11, 13, 12, 14], "rotation": 180, "texture": "#0"},
				"down": {"uv": [11, 13, 12, 14], "rotation": 180, "texture": "#0"}
			}
		},
		{
			"from": [10, 0, 12],
			"to": [11, 1, 13],
			"faces": {
				"north": {"uv": [12, 15, 13, 16], "texture": "#0"},
				"east": {"uv": [12, 15, 13, 16], "texture": "#0"},
				"south": {"uv": [12, 15, 13, 16], "texture": "#0"},
				"west": {"uv": [12, 15, 13, 16], "texture": "#0"},
				"up": {"uv": [12, 15, 13, 16], "texture": "#0"},
				"down": {"uv": [12, 15, 13, 16], "texture": "#0"}
			}
		},
		{
			"from": [10, 1, 12],
			"to": [11, 2, 13],
			"faces": {
				"north": {"uv": [12, 14, 13, 15], "texture": "#0"},
				"east": {"uv": [12, 14, 13, 15], "texture": "#0"},
				"south": {"uv": [12, 14, 13, 15], "texture": "#0"},
				"west": {"uv": [12, 14, 13, 15], "texture": "#0"},
				"up": {"uv": [12, 14, 13, 15], "texture": "#0"},
				"down": {"uv": [12, 14, 13, 15], "texture": "#0"}
			}
		},
		{
			"from": [2, 1, 7],
			"to": [3, 2, 8],
			"faces": {
				"north": {"uv": [12, 14, 13, 15], "texture": "#0"},
				"east": {"uv": [12, 14, 13, 15], "texture": "#0"},
				"south": {"uv": [12, 14, 13, 15], "texture": "#0"},
				"west": {"uv": [12, 14, 13, 15], "texture": "#0"},
				"up": {"uv": [12, 14, 13, 15], "texture": "#0"},
				"down": {"uv": [12, 14, 13, 15], "texture": "#0"}
			}
		},
		{
			"from": [2, 0, 6],
			"to": [3, 1, 7],
			"faces": {
				"north": {"uv": [12, 15, 13, 16], "texture": "#0"},
				"east": {"uv": [12, 15, 13, 16], "texture": "#0"},
				"south": {"uv": [12, 15, 13, 16], "texture": "#0"},
				"west": {"uv": [12, 15, 13, 16], "texture": "#0"},
				"up": {"uv": [12, 15, 13, 16], "texture": "#0"},
				"down": {"uv": [12, 15, 13, 16], "texture": "#0"}
			}
		},
		{
			"from": [2, 2, 6],
			"to": [3, 3, 7],
			"faces": {
				"north": {"uv": [11, 13, 12, 14], "texture": "#0"},
				"east": {"uv": [11, 13, 12, 14], "texture": "#0"},
				"south": {"uv": [11, 13, 12, 14], "texture": "#0"},
				"west": {"uv": [11, 13, 12, 14], "texture": "#0"},
				"up": {"uv": [11, 13, 12, 14], "texture": "#0"},
				"down": {"uv": [11, 13, 12, 14], "texture": "#0"}
			}
		},
		{
			"from": [2, 0, 7],
			"to": [3, 1, 8],
			"faces": {
				"north": {"uv": [12, 14, 13, 15], "texture": "#0"},
				"east": {"uv": [12, 14, 13, 15], "texture": "#0"},
				"south": {"uv": [12, 14, 13, 15], "texture": "#0"},
				"west": {"uv": [12, 14, 13, 15], "texture": "#0"},
				"up": {"uv": [12, 14, 13, 15], "texture": "#0"},
				"down": {"uv": [12, 14, 13, 15], "texture": "#0"}
			}
		}
	],
	"groups": [
		{
			"name": "group",
			"origin": [0, 0, 0],
			"color": 0,
			"children": [0, 1, 2, 3, 4, 5, 6, 7, 8, 9, 10, 11, 12, 13, 14, 15, 16, 17, 18, 19, 20, 21, 22, 23, 24, 25, 26, 27, 28, 29, 30, 31, 32, 33, 34, 35, 36, 37, 38, 39, 40]
		},
		{
			"name": "group",
			"origin": [0, 0, 0],
			"color": 0,
			"children": [41, 42, 43, 44, 45, 46, 47, 48, 49, 50, 51, 52, 53, 54, 55, 56, 57, 58, 59, 60, 61, 62, 63, 64, 65, 66, 67]
		},
		{
			"name": "group",
			"origin": [0, 0, 0],
			"color": 0,
			"children": [
				68,
				69,
				70,
				71,
				72,
				73,
				74,
				75,
				76,
				77,
				78,
				79,
				80,
				{
					"name": "group",
					"origin": [0, 0, 0],
					"color": 0,
					"children": [81, 82, 83, 84, 85, 86, 87, 88, 89]
				}
			]
		},
		90,
		91,
		{
			"name": "group",
			"origin": [0, 0, 0],
			"color": 0,
			"children": [92, 93, 94, 95]
		}
	]
}
