{
	"credit": "Made by Botany",
	"textures": {
		"0": "block/beetroots_stage0",
		"1": "block/beetroots_stage1",
		"2": "block/beetroots_stage2",
		"3": "block/beetroots_stage3",
		"particle": "block/beetroots_stage0"
	},
	"elements": [
		{
			"from": [10, 4, 8],
			"to": [11, 5, 9],
			"faces": {
				"north": {"uv": [7, 12, 8, 13], "texture": "#0"},
				"east": {"uv": [7, 12, 8, 13], "texture": "#0"},
				"south": {"uv": [7, 12, 8, 13], "texture": "#0"},
				"west": {"uv": [7, 12, 8, 13], "texture": "#0"},
				"up": {"uv": [7, 12, 8, 13], "texture": "#0"},
				"down": {"uv": [7, 12, 8, 13], "texture": "#0"}
			}
		},
		{
			"from": [9, 5, 8],
			"to": [10, 6, 9],
			"faces": {
				"north": {"uv": [7, 12, 8, 13], "texture": "#0"},
				"east": {"uv": [7, 12, 8, 13], "texture": "#0"},
				"south": {"uv": [7, 12, 8, 13], "texture": "#0"},
				"west": {"uv": [7, 12, 8, 13], "texture": "#0"},
				"up": {"uv": [7, 12, 8, 13], "texture": "#0"},
				"down": {"uv": [7, 12, 8, 13], "texture": "#0"}
			}
		},
		{
			"from": [10, 7, 8],
			"to": [11, 8, 9],
			"faces": {
				"north": {"uv": [7, 12, 8, 13], "texture": "#0"},
				"east": {"uv": [7, 12, 8, 13], "texture": "#0"},
				"south": {"uv": [7, 12, 8, 13], "texture": "#0"},
				"west": {"uv": [7, 12, 8, 13], "texture": "#0"},
				"up": {"uv": [7, 12, 8, 13], "texture": "#0"},
				"down": {"uv": [7, 12, 8, 13], "texture": "#0"}
			}
		},
		{
			"from": [13, 7, 8],
			"to": [14, 8, 9],
			"faces": {
				"north": {"uv": [7, 12, 8, 13], "texture": "#0"},
				"east": {"uv": [7, 12, 8, 13], "texture": "#0"},
				"south": {"uv": [7, 12, 8, 13], "texture": "#0"},
				"west": {"uv": [7, 12, 8, 13], "texture": "#0"},
				"up": {"uv": [7, 12, 8, 13], "texture": "#0"},
				"down": {"uv": [7, 12, 8, 13], "texture": "#0"}
			}
		},
		{
			"from": [12, 6, 8],
			"to": [13, 7, 9],
			"faces": {
				"north": {"uv": [7, 12, 8, 13], "texture": "#0"},
				"east": {"uv": [7, 12, 8, 13], "texture": "#0"},
				"south": {"uv": [7, 12, 8, 13], "texture": "#0"},
				"west": {"uv": [7, 12, 8, 13], "texture": "#0"},
				"up": {"uv": [7, 12, 8, 13], "texture": "#0"},
				"down": {"uv": [7, 12, 8, 13], "texture": "#0"}
			}
		},
		{
			"from": [8, 6, 8],
			"to": [9, 8, 9],
			"faces": {
				"north": {"uv": [7, 12, 8, 13], "texture": "#0"},
				"east": {"uv": [7, 12, 8, 13], "texture": "#0"},
				"south": {"uv": [7, 12, 8, 13], "texture": "#0"},
				"west": {"uv": [7, 12, 8, 13], "texture": "#0"},
				"up": {"uv": [7, 12, 8, 13], "texture": "#0"},
				"down": {"uv": [7, 12, 8, 13], "texture": "#0"}
			}
		},
		{
			"from": [9, 8, 8],
			"to": [10, 10, 9],
			"faces": {
				"north": {"uv": [7, 12, 8, 13], "texture": "#0"},
				"east": {"uv": [7, 12, 8, 13], "texture": "#0"},
				"south": {"uv": [7, 12, 8, 13], "texture": "#0"},
				"west": {"uv": [7, 12, 8, 13], "texture": "#0"},
				"up": {"uv": [7, 12, 8, 13], "texture": "#0"},
				"down": {"uv": [7, 12, 8, 13], "texture": "#0"}
			}
		},
		{
			"from": [8, 9, 8],
			"to": [9, 10, 9],
			"faces": {
				"north": {"uv": [7, 12, 8, 13], "texture": "#0"},
				"east": {"uv": [7, 12, 8, 13], "texture": "#0"},
				"south": {"uv": [7, 12, 8, 13], "texture": "#0"},
				"west": {"uv": [7, 12, 8, 13], "texture": "#0"},
				"up": {"uv": [7, 12, 8, 13], "texture": "#0"},
				"down": {"uv": [7, 12, 8, 13], "texture": "#0"}
			}
		},
		{
			"from": [7, 8, 8],
			"to": [8, 9, 9],
			"faces": {
				"north": {"uv": [7, 12, 8, 13], "texture": "#0"},
				"east": {"uv": [7, 12, 8, 13], "texture": "#0"},
				"south": {"uv": [7, 12, 8, 13], "texture": "#0"},
				"west": {"uv": [7, 12, 8, 13], "texture": "#0"},
				"up": {"uv": [7, 12, 8, 13], "texture": "#0"},
				"down": {"uv": [7, 12, 8, 13], "texture": "#0"}
			}
		},
		{
			"from": [9, 4, 8],
			"to": [10, 5, 9],
			"faces": {
				"north": {"uv": [12, 14, 13, 15], "texture": "#0"},
				"east": {"uv": [12, 14, 13, 15], "texture": "#0"},
				"south": {"uv": [12, 14, 13, 15], "texture": "#0"},
				"west": {"uv": [12, 14, 13, 15], "texture": "#0"},
				"up": {"uv": [12, 14, 13, 15], "texture": "#0"},
				"down": {"uv": [12, 14, 13, 15], "texture": "#0"}
			}
		},
		{
			"from": [8, 5, 8],
			"to": [9, 6, 9],
			"faces": {
				"north": {"uv": [12, 14, 13, 15], "texture": "#0"},
				"east": {"uv": [12, 14, 13, 15], "texture": "#0"},
				"south": {"uv": [12, 14, 13, 15], "texture": "#0"},
				"west": {"uv": [12, 14, 13, 15], "texture": "#0"},
				"up": {"uv": [12, 14, 13, 15], "texture": "#0"},
				"down": {"uv": [12, 14, 13, 15], "texture": "#0"}
			}
		},
		{
			"from": [9, 6, 8],
			"to": [10, 7, 9],
			"faces": {
				"north": {"uv": [12, 14, 13, 15], "texture": "#0"},
				"east": {"uv": [12, 14, 13, 15], "texture": "#0"},
				"south": {"uv": [12, 14, 13, 15], "texture": "#0"},
				"west": {"uv": [12, 14, 13, 15], "texture": "#0"},
				"up": {"uv": [12, 14, 13, 15], "texture": "#0"},
				"down": {"uv": [12, 14, 13, 15], "texture": "#0"}
			}
		},
		{
			"from": [9, 7, 8],
			"to": [10, 8, 9],
			"faces": {
				"north": {"uv": [12, 14, 13, 15], "texture": "#0"},
				"east": {"uv": [12, 14, 13, 15], "texture": "#0"},
				"south": {"uv": [12, 14, 13, 15], "texture": "#0"},
				"west": {"uv": [12, 14, 13, 15], "texture": "#0"},
				"up": {"uv": [12, 14, 13, 15], "texture": "#0"},
				"down": {"uv": [12, 14, 13, 15], "texture": "#0"}
			}
		},
		{
			"from": [10, 6, 8],
			"to": [11, 7, 9],
			"faces": {
				"north": {"uv": [12, 14, 13, 15], "texture": "#0"},
				"east": {"uv": [12, 14, 13, 15], "texture": "#0"},
				"south": {"uv": [12, 14, 13, 15], "texture": "#0"},
				"west": {"uv": [12, 14, 13, 15], "texture": "#0"},
				"up": {"uv": [12, 14, 13, 15], "texture": "#0"},
				"down": {"uv": [12, 14, 13, 15], "texture": "#0"}
			}
		},
		{
			"from": [11, 4, 8],
			"to": [12, 5, 9],
			"faces": {
				"north": {"uv": [12, 14, 13, 15], "texture": "#0"},
				"east": {"uv": [12, 14, 13, 15], "texture": "#0"},
				"south": {"uv": [12, 14, 13, 15], "texture": "#0"},
				"west": {"uv": [12, 14, 13, 15], "texture": "#0"},
				"up": {"uv": [12, 14, 13, 15], "texture": "#0"},
				"down": {"uv": [12, 14, 13, 15], "texture": "#0"}
			}
		},
		{
			"from": [10, 3, 8],
			"to": [11, 4, 9],
			"faces": {
				"north": {"uv": [12, 14, 13, 15], "texture": "#0"},
				"east": {"uv": [12, 14, 13, 15], "texture": "#0"},
				"south": {"uv": [12, 14, 13, 15], "texture": "#0"},
				"west": {"uv": [12, 14, 13, 15], "texture": "#0"},
				"up": {"uv": [12, 14, 13, 15], "texture": "#0"},
				"down": {"uv": [12, 14, 13, 15], "texture": "#0"}
			}
		},
		{
			"from": [12, 5, 8],
			"to": [13, 6, 9],
			"faces": {
				"north": {"uv": [12, 14, 13, 15], "texture": "#0"},
				"east": {"uv": [12, 14, 13, 15], "texture": "#0"},
				"south": {"uv": [12, 14, 13, 15], "texture": "#0"},
				"west": {"uv": [12, 14, 13, 15], "texture": "#0"},
				"up": {"uv": [12, 14, 13, 15], "texture": "#0"},
				"down": {"uv": [12, 14, 13, 15], "texture": "#0"}
			}
		},
		{
			"from": [11, 5, 8],
			"to": [12, 6, 9],
			"faces": {
				"north": {"uv": [12, 14, 13, 15], "texture": "#0"},
				"east": {"uv": [12, 14, 13, 15], "texture": "#0"},
				"south": {"uv": [12, 14, 13, 15], "texture": "#0"},
				"west": {"uv": [12, 14, 13, 15], "texture": "#0"},
				"up": {"uv": [12, 14, 13, 15], "texture": "#0"},
				"down": {"uv": [12, 14, 13, 15], "texture": "#0"}
			}
		},
		{
			"from": [10, 2, 8],
			"to": [11, 3, 9],
			"faces": {
				"north": {"uv": [12, 15, 13, 16], "texture": "#0"},
				"east": {"uv": [7, 15, 8, 16], "texture": "#2"},
				"south": {"uv": [12, 15, 13, 16], "texture": "#0"},
				"west": {"uv": [12, 15, 13, 16], "texture": "#0"},
				"up": {"uv": [12, 15, 13, 16], "texture": "#0"},
				"down": {"uv": [12, 15, 13, 16], "texture": "#0"}
			}
		},
		{
			"from": [11, 3, 8],
			"to": [12, 4, 9],
			"faces": {
				"north": {"uv": [12, 15, 13, 16], "texture": "#0"},
				"east": {"uv": [7, 15, 8, 16], "texture": "#2"},
				"south": {"uv": [12, 15, 13, 16], "texture": "#0"},
				"west": {"uv": [12, 15, 13, 16], "texture": "#0"},
				"up": {"uv": [12, 15, 13, 16], "texture": "#0"},
				"down": {"uv": [12, 15, 13, 16], "texture": "#0"}
			}
		},
		{
			"from": [12, 4, 8],
			"to": [13, 5, 9],
			"faces": {
				"north": {"uv": [12, 15, 13, 16], "texture": "#0"},
				"east": {"uv": [12, 15, 13, 16], "texture": "#0"},
				"south": {"uv": [12, 15, 13, 16], "texture": "#0"},
				"west": {"uv": [12, 15, 13, 16], "texture": "#0"},
				"up": {"uv": [12, 15, 13, 16], "texture": "#0"},
				"down": {"uv": [12, 15, 13, 16], "texture": "#0"}
			}
		},
		{
			"from": [13, 5, 8],
			"to": [14, 6, 9],
			"faces": {
				"north": {"uv": [12, 15, 13, 16], "texture": "#0"},
				"east": {"uv": [12, 15, 13, 16], "texture": "#0"},
				"south": {"uv": [12, 15, 13, 16], "texture": "#0"},
				"west": {"uv": [12, 15, 13, 16], "texture": "#0"},
				"up": {"uv": [12, 15, 13, 16], "texture": "#0"},
				"down": {"uv": [12, 15, 13, 16], "texture": "#0"}
			}
		},
		{
			"from": [12, 7, 8],
			"to": [13, 8, 9],
			"faces": {
				"north": {"uv": [12, 15, 13, 16], "texture": "#0"},
				"east": {"uv": [12, 15, 13, 16], "texture": "#0"},
				"south": {"uv": [12, 15, 13, 16], "texture": "#0"},
				"west": {"uv": [12, 15, 13, 16], "texture": "#0"},
				"up": {"uv": [12, 15, 13, 16], "texture": "#0"},
				"down": {"uv": [12, 15, 13, 16], "texture": "#0"}
			}
		},
		{
			"from": [14, 6, 8],
			"to": [15, 8, 9],
			"faces": {
				"north": {"uv": [12, 15, 13, 16], "texture": "#0"},
				"east": {"uv": [12, 15, 13, 16], "texture": "#0"},
				"south": {"uv": [12, 15, 13, 16], "texture": "#0"},
				"west": {"uv": [12, 15, 13, 16], "texture": "#0"},
				"up": {"uv": [12, 15, 13, 16], "texture": "#0"},
				"down": {"uv": [12, 15, 13, 16], "texture": "#0"}
			}
		},
		{
			"from": [11, 6, 8],
			"to": [12, 8, 9],
			"faces": {
				"north": {"uv": [12, 15, 13, 16], "texture": "#0"},
				"east": {"uv": [12, 15, 13, 16], "texture": "#0"},
				"south": {"uv": [12, 15, 13, 16], "texture": "#0"},
				"west": {"uv": [12, 15, 13, 16], "texture": "#0"},
				"up": {"uv": [12, 15, 13, 16], "texture": "#0"},
				"down": {"uv": [12, 15, 13, 16], "texture": "#0"}
			}
		},
		{
			"from": [12, 8, 8],
			"to": [14, 9, 9],
			"faces": {
				"north": {"uv": [12, 15, 13, 16], "texture": "#0"},
				"east": {"uv": [12, 15, 13, 16], "texture": "#0"},
				"south": {"uv": [12, 15, 13, 16], "texture": "#0"},
				"west": {"uv": [12, 15, 13, 16], "texture": "#0"},
				"up": {"uv": [12, 15, 13, 16], "texture": "#0"},
				"down": {"uv": [12, 15, 13, 16], "texture": "#0"}
			}
		},
		{
			"from": [10, 8, 8],
			"to": [11, 9, 9],
			"faces": {
				"north": {"uv": [12, 15, 13, 16], "texture": "#0"},
				"east": {"uv": [12, 15, 13, 16], "texture": "#0"},
				"south": {"uv": [12, 15, 13, 16], "texture": "#0"},
				"west": {"uv": [12, 15, 13, 16], "texture": "#0"},
				"up": {"uv": [12, 15, 13, 16], "texture": "#0"},
				"down": {"uv": [12, 15, 13, 16], "texture": "#0"}
			}
		},
		{
			"from": [10, 5, 8],
			"to": [11, 6, 9],
			"faces": {
				"north": {"uv": [12, 15, 13, 16], "texture": "#0"},
				"east": {"uv": [12, 15, 13, 16], "texture": "#0"},
				"south": {"uv": [12, 15, 13, 16], "texture": "#0"},
				"west": {"uv": [12, 15, 13, 16], "texture": "#0"},
				"up": {"uv": [12, 15, 13, 16], "texture": "#0"},
				"down": {"uv": [12, 15, 13, 16], "texture": "#0"}
			}
		},
		{
			"from": [7, 6, 8],
			"to": [8, 7, 9],
			"faces": {
				"north": {"uv": [12, 15, 13, 16], "texture": "#0"},
				"east": {"uv": [12, 15, 13, 16], "texture": "#0"},
				"south": {"uv": [12, 15, 13, 16], "texture": "#0"},
				"west": {"uv": [12, 15, 13, 16], "texture": "#0"},
				"up": {"uv": [12, 15, 13, 16], "texture": "#0"},
				"down": {"uv": [12, 15, 13, 16], "texture": "#0"}
			}
		},
		{
			"from": [9, 2, 8],
			"to": [10, 3, 9],
			"faces": {
				"north": {"uv": [12, 15, 13, 16], "texture": "#0"},
				"east": {"uv": [12, 15, 13, 16], "texture": "#0"},
				"south": {"uv": [12, 15, 13, 16], "texture": "#0"},
				"west": {"uv": [12, 15, 13, 16], "texture": "#0"},
				"up": {"uv": [12, 15, 13, 16], "texture": "#0"},
				"down": {"uv": [12, 15, 13, 16], "texture": "#0"}
			}
		},
		{
			"from": [11, 2, 8],
			"to": [12, 3, 9],
			"faces": {
				"north": {"uv": [13, 15, 14, 16], "texture": "#2"},
				"east": {"uv": [13, 15, 14, 16], "texture": "#2"},
				"south": {"uv": [13, 15, 14, 16], "texture": "#2"},
				"west": {"uv": [13, 15, 14, 16], "texture": "#2"},
				"up": {"uv": [13, 15, 14, 16], "texture": "#2"},
				"down": {"uv": [13, 15, 14, 16], "texture": "#2"}
			}
		},
		{
			"from": [12, 2, 8],
			"to": [13, 3, 9],
			"faces": {
				"north": {"uv": [14, 15, 15, 16], "texture": "#2"},
				"east": {"uv": [14, 15, 15, 16], "texture": "#2"},
				"south": {"uv": [14, 15, 15, 16], "texture": "#2"},
				"west": {"uv": [14, 15, 15, 16], "texture": "#2"},
				"up": {"uv": [14, 15, 15, 16], "texture": "#2"},
				"down": {"uv": [14, 15, 15, 16], "texture": "#2"}
			}
		},
		{
			"from": [10, 2, 7],
			"to": [11, 3, 8],
			"faces": {
				"north": {"uv": [13, 15, 14, 16], "texture": "#2"},
				"east": {"uv": [13, 15, 14, 16], "texture": "#2"},
				"south": {"uv": [13, 15, 14, 16], "texture": "#2"},
				"west": {"uv": [13, 15, 14, 16], "texture": "#2"},
				"up": {"uv": [13, 15, 14, 16], "texture": "#2"},
				"down": {"uv": [13, 15, 14, 16], "texture": "#2"}
			}
		},
		{
			"from": [12, 2, 9],
			"to": [13, 3, 10],
			"faces": {
				"north": {"uv": [13, 15, 14, 16], "texture": "#2"},
				"east": {"uv": [13, 15, 14, 16], "texture": "#2"},
				"south": {"uv": [13, 15, 14, 16], "texture": "#2"},
				"west": {"uv": [13, 15, 14, 16], "texture": "#2"},
				"up": {"uv": [13, 15, 14, 16], "texture": "#2"},
				"down": {"uv": [13, 15, 14, 16], "texture": "#2"}
			}
		},
		{
			"from": [12, 2, 7],
			"to": [13, 3, 8],
			"faces": {
				"north": {"uv": [13, 15, 14, 16], "texture": "#2"},
				"east": {"uv": [13, 15, 14, 16], "texture": "#2"},
				"south": {"uv": [13, 15, 14, 16], "texture": "#2"},
				"west": {"uv": [13, 15, 14, 16], "texture": "#2"},
				"up": {"uv": [13, 15, 14, 16], "texture": "#2"},
				"down": {"uv": [13, 15, 14, 16], "texture": "#2"}
			}
		},
		{
			"from": [9, 1, 6],
			"to": [14, 2, 11],
			"faces": {
				"north": {"uv": [11, 15, 16, 16], "texture": "#3"},
				"east": {"uv": [11, 15, 16, 16], "texture": "#3"},
				"south": {"uv": [11, 15, 16, 16], "texture": "#3"},
				"west": {"uv": [11, 15, 16, 16], "texture": "#3"},
				"up": {"uv": [13, 15, 14, 16], "texture": "#2"},
				"down": {"uv": [13, 15, 14, 16], "texture": "#2"}
			}
		},
		{
			"from": [10, 0, 7],
			"to": [13, 1, 10],
			"faces": {
				"north": {"uv": [12, 14, 15, 15], "texture": "#3"},
				"east": {"uv": [12, 14, 15, 15], "texture": "#3"},
				"south": {"uv": [12, 14, 15, 15], "texture": "#3"},
				"west": {"uv": [12, 14, 15, 15], "texture": "#3"},
				"up": {"uv": [13, 15, 14, 16], "texture": "#2"},
				"down": {"uv": [13, 15, 14, 16], "texture": "#2"}
			}
		},
		{
			"from": [11, 2, 7],
			"to": [12, 3, 8],
			"faces": {
				"north": {"uv": [14, 15, 15, 16], "texture": "#2"},
				"east": {"uv": [14, 15, 15, 16], "texture": "#2"},
				"south": {"uv": [14, 15, 15, 16], "texture": "#2"},
				"west": {"uv": [14, 15, 15, 16], "texture": "#2"},
				"up": {"uv": [14, 15, 15, 16], "texture": "#2"},
				"down": {"uv": [14, 15, 15, 16], "texture": "#2"}
			}
		},
		{
			"from": [11, 3, 7],
			"to": [12, 4, 8],
			"faces": {
				"north": {"uv": [14, 15, 15, 16], "texture": "#2"},
				"east": {"uv": [14, 15, 15, 16], "texture": "#2"},
				"south": {"uv": [14, 15, 15, 16], "texture": "#2"},
				"west": {"uv": [14, 15, 15, 16], "texture": "#2"},
				"up": {"uv": [14, 15, 15, 16], "texture": "#2"},
				"down": {"uv": [14, 15, 15, 16], "texture": "#2"}
			}
		},
		{
			"from": [10, 4, 7],
			"to": [11, 5, 8],
			"faces": {
				"north": {"uv": [14, 15, 15, 16], "texture": "#2"},
				"east": {"uv": [14, 15, 15, 16], "texture": "#2"},
				"south": {"uv": [14, 15, 15, 16], "texture": "#2"},
				"west": {"uv": [14, 15, 15, 16], "texture": "#2"},
				"up": {"uv": [14, 15, 15, 16], "texture": "#2"},
				"down": {"uv": [14, 15, 15, 16], "texture": "#2"}
			}
		},
		{
			"from": [10, 2, 9],
			"to": [11, 3, 10],
			"faces": {
				"north": {"uv": [13, 15, 14, 16], "texture": "#2"},
				"east": {"uv": [13, 15, 14, 16], "texture": "#2"},
				"south": {"uv": [13, 15, 14, 16], "texture": "#2"},
				"west": {"uv": [13, 15, 14, 16], "texture": "#2"},
				"up": {"uv": [13, 15, 14, 16], "texture": "#2"},
				"down": {"uv": [13, 15, 14, 16], "texture": "#2"}
			}
		},
		{
			"from": [11, 2, 9],
			"to": [12, 3, 10],
			"faces": {
				"north": {"uv": [14, 15, 15, 16], "texture": "#2"},
				"east": {"uv": [14, 15, 15, 16], "texture": "#2"},
				"south": {"uv": [14, 15, 15, 16], "texture": "#2"},
				"west": {"uv": [14, 15, 15, 16], "texture": "#2"},
				"up": {"uv": [14, 15, 15, 16], "texture": "#2"},
				"down": {"uv": [14, 15, 15, 16], "texture": "#2"}
			}
		},
		{
			"from": [13, 6, 8],
			"to": [14, 7, 9],
			"faces": {
				"north": {"uv": [12, 14, 13, 15], "texture": "#0"},
				"east": {"uv": [12, 14, 13, 15], "texture": "#0"},
				"south": {"uv": [12, 14, 13, 15], "texture": "#0"},
				"west": {"uv": [12, 14, 13, 15], "texture": "#0"},
				"up": {"uv": [12, 14, 13, 15], "texture": "#0"},
				"down": {"uv": [12, 14, 13, 15], "texture": "#0"}
			}
		},
		{
			"from": [7, 7, 8],
			"to": [8, 8, 9],
			"faces": {
				"north": {"uv": [12, 14, 13, 15], "texture": "#0"},
				"east": {"uv": [12, 14, 13, 15], "texture": "#0"},
				"south": {"uv": [12, 14, 13, 15], "texture": "#0"},
				"west": {"uv": [12, 14, 13, 15], "texture": "#0"},
				"up": {"uv": [12, 14, 13, 15], "texture": "#0"},
				"down": {"uv": [12, 14, 13, 15], "texture": "#0"}
			}
		},
		{
			"from": [8, 8, 8],
			"to": [9, 9, 9],
			"faces": {
				"north": {"uv": [12, 14, 13, 15], "texture": "#0"},
				"east": {"uv": [12, 14, 13, 15], "texture": "#0"},
				"south": {"uv": [12, 14, 13, 15], "texture": "#0"},
				"west": {"uv": [12, 14, 13, 15], "texture": "#0"},
				"up": {"uv": [12, 14, 13, 15], "texture": "#0"},
				"down": {"uv": [12, 14, 13, 15], "texture": "#0"}
			}
		},
		{
			"from": [4, 4, 4],
			"to": [5, 5, 5],
			"faces": {
				"north": {"uv": [7, 12, 8, 13], "texture": "#0"},
				"east": {"uv": [7, 12, 8, 13], "texture": "#0"},
				"south": {"uv": [7, 12, 8, 13], "texture": "#0"},
				"west": {"uv": [7, 12, 8, 13], "texture": "#0"},
				"up": {"uv": [7, 12, 8, 13], "rotation": 90, "texture": "#0"},
				"down": {"uv": [7, 12, 8, 13], "rotation": 270, "texture": "#0"}
			}
		},
		{
			"from": [4, 5, 3],
			"to": [5, 6, 4],
			"faces": {
				"north": {"uv": [7, 12, 8, 13], "texture": "#0"},
				"east": {"uv": [7, 12, 8, 13], "texture": "#0"},
				"south": {"uv": [7, 12, 8, 13], "texture": "#0"},
				"west": {"uv": [7, 12, 8, 13], "texture": "#0"},
				"up": {"uv": [7, 12, 8, 13], "rotation": 90, "texture": "#0"},
				"down": {"uv": [7, 12, 8, 13], "rotation": 270, "texture": "#0"}
			}
		},
		{
			"from": [4, 7, 4],
			"to": [5, 8, 5],
			"faces": {
				"north": {"uv": [7, 12, 8, 13], "texture": "#0"},
				"east": {"uv": [7, 12, 8, 13], "texture": "#0"},
				"south": {"uv": [7, 12, 8, 13], "texture": "#0"},
				"west": {"uv": [7, 12, 8, 13], "texture": "#0"},
				"up": {"uv": [7, 12, 8, 13], "rotation": 90, "texture": "#0"},
				"down": {"uv": [7, 12, 8, 13], "rotation": 270, "texture": "#0"}
			}
		},
		{
			"from": [4, 7, 7],
			"to": [5, 8, 8],
			"faces": {
				"north": {"uv": [7, 12, 8, 13], "texture": "#0"},
				"east": {"uv": [7, 12, 8, 13], "texture": "#0"},
				"south": {"uv": [7, 12, 8, 13], "texture": "#0"},
				"west": {"uv": [7, 12, 8, 13], "texture": "#0"},
				"up": {"uv": [7, 12, 8, 13], "rotation": 90, "texture": "#0"},
				"down": {"uv": [7, 12, 8, 13], "rotation": 270, "texture": "#0"}
			}
		},
		{
			"from": [4, 6, 6],
			"to": [5, 7, 7],
			"faces": {
				"north": {"uv": [7, 12, 8, 13], "texture": "#0"},
				"east": {"uv": [7, 12, 8, 13], "texture": "#0"},
				"south": {"uv": [7, 12, 8, 13], "texture": "#0"},
				"west": {"uv": [7, 12, 8, 13], "texture": "#0"},
				"up": {"uv": [7, 12, 8, 13], "rotation": 90, "texture": "#0"},
				"down": {"uv": [7, 12, 8, 13], "rotation": 270, "texture": "#0"}
			}
		},
		{
			"from": [4, 6, 2],
			"to": [5, 8, 3],
			"faces": {
				"north": {"uv": [7, 12, 8, 13], "texture": "#0"},
				"east": {"uv": [7, 12, 8, 13], "texture": "#0"},
				"south": {"uv": [7, 12, 8, 13], "texture": "#0"},
				"west": {"uv": [7, 12, 8, 13], "texture": "#0"},
				"up": {"uv": [7, 12, 8, 13], "rotation": 90, "texture": "#0"},
				"down": {"uv": [7, 12, 8, 13], "rotation": 270, "texture": "#0"}
			}
		},
		{
			"from": [4, 8, 3],
			"to": [5, 10, 4],
			"faces": {
				"north": {"uv": [7, 12, 8, 13], "texture": "#0"},
				"east": {"uv": [7, 12, 8, 13], "texture": "#0"},
				"south": {"uv": [7, 12, 8, 13], "texture": "#0"},
				"west": {"uv": [7, 12, 8, 13], "texture": "#0"},
				"up": {"uv": [7, 12, 8, 13], "rotation": 90, "texture": "#0"},
				"down": {"uv": [7, 12, 8, 13], "rotation": 270, "texture": "#0"}
			}
		},
		{
			"from": [4, 9, 2],
			"to": [5, 10, 3],
			"faces": {
				"north": {"uv": [7, 12, 8, 13], "texture": "#0"},
				"east": {"uv": [7, 12, 8, 13], "texture": "#0"},
				"south": {"uv": [7, 12, 8, 13], "texture": "#0"},
				"west": {"uv": [7, 12, 8, 13], "texture": "#0"},
				"up": {"uv": [7, 12, 8, 13], "rotation": 90, "texture": "#0"},
				"down": {"uv": [7, 12, 8, 13], "rotation": 270, "texture": "#0"}
			}
		},
		{
			"from": [4, 8, 1],
			"to": [5, 9, 2],
			"faces": {
				"north": {"uv": [7, 12, 8, 13], "texture": "#0"},
				"east": {"uv": [7, 12, 8, 13], "texture": "#0"},
				"south": {"uv": [7, 12, 8, 13], "texture": "#0"},
				"west": {"uv": [7, 12, 8, 13], "texture": "#0"},
				"up": {"uv": [7, 12, 8, 13], "rotation": 90, "texture": "#0"},
				"down": {"uv": [7, 12, 8, 13], "rotation": 270, "texture": "#0"}
			}
		},
		{
			"from": [4, 4, 3],
			"to": [5, 5, 4],
			"faces": {
				"north": {"uv": [12, 14, 13, 15], "texture": "#0"},
				"east": {"uv": [12, 14, 13, 15], "texture": "#0"},
				"south": {"uv": [12, 14, 13, 15], "texture": "#0"},
				"west": {"uv": [12, 14, 13, 15], "texture": "#0"},
				"up": {"uv": [12, 14, 13, 15], "rotation": 90, "texture": "#0"},
				"down": {"uv": [12, 14, 13, 15], "rotation": 270, "texture": "#0"}
			}
		},
		{
			"from": [4, 5, 2],
			"to": [5, 6, 3],
			"faces": {
				"north": {"uv": [12, 14, 13, 15], "texture": "#0"},
				"east": {"uv": [12, 14, 13, 15], "texture": "#0"},
				"south": {"uv": [12, 14, 13, 15], "texture": "#0"},
				"west": {"uv": [12, 14, 13, 15], "texture": "#0"},
				"up": {"uv": [12, 14, 13, 15], "rotation": 90, "texture": "#0"},
				"down": {"uv": [12, 14, 13, 15], "rotation": 270, "texture": "#0"}
			}
		},
		{
			"from": [4, 6, 3],
			"to": [5, 7, 4],
			"faces": {
				"north": {"uv": [12, 14, 13, 15], "texture": "#0"},
				"east": {"uv": [12, 14, 13, 15], "texture": "#0"},
				"south": {"uv": [12, 14, 13, 15], "texture": "#0"},
				"west": {"uv": [12, 14, 13, 15], "texture": "#0"},
				"up": {"uv": [12, 14, 13, 15], "rotation": 90, "texture": "#0"},
				"down": {"uv": [12, 14, 13, 15], "rotation": 270, "texture": "#0"}
			}
		},
		{
			"from": [4, 7, 3],
			"to": [5, 8, 4],
			"faces": {
				"north": {"uv": [12, 14, 13, 15], "texture": "#0"},
				"east": {"uv": [12, 14, 13, 15], "texture": "#0"},
				"south": {"uv": [12, 14, 13, 15], "texture": "#0"},
				"west": {"uv": [12, 14, 13, 15], "texture": "#0"},
				"up": {"uv": [12, 14, 13, 15], "rotation": 90, "texture": "#0"},
				"down": {"uv": [12, 14, 13, 15], "rotation": 270, "texture": "#0"}
			}
		},
		{
			"from": [4, 6, 4],
			"to": [5, 7, 5],
			"faces": {
				"north": {"uv": [12, 14, 13, 15], "texture": "#0"},
				"east": {"uv": [12, 14, 13, 15], "texture": "#0"},
				"south": {"uv": [12, 14, 13, 15], "texture": "#0"},
				"west": {"uv": [12, 14, 13, 15], "texture": "#0"},
				"up": {"uv": [12, 14, 13, 15], "rotation": 90, "texture": "#0"},
				"down": {"uv": [12, 14, 13, 15], "rotation": 270, "texture": "#0"}
			}
		},
		{
			"from": [4, 4, 5],
			"to": [5, 5, 6],
			"faces": {
				"north": {"uv": [12, 14, 13, 15], "texture": "#0"},
				"east": {"uv": [12, 14, 13, 15], "texture": "#0"},
				"south": {"uv": [12, 14, 13, 15], "texture": "#0"},
				"west": {"uv": [12, 14, 13, 15], "texture": "#0"},
				"up": {"uv": [12, 14, 13, 15], "rotation": 90, "texture": "#0"},
				"down": {"uv": [12, 14, 13, 15], "rotation": 270, "texture": "#0"}
			}
		},
		{
			"from": [4, 3, 4],
			"to": [5, 4, 5],
			"faces": {
				"north": {"uv": [12, 14, 13, 15], "texture": "#0"},
				"east": {"uv": [12, 14, 13, 15], "texture": "#0"},
				"south": {"uv": [12, 14, 13, 15], "texture": "#0"},
				"west": {"uv": [12, 14, 13, 15], "texture": "#0"},
				"up": {"uv": [12, 14, 13, 15], "rotation": 90, "texture": "#0"},
				"down": {"uv": [12, 14, 13, 15], "rotation": 270, "texture": "#0"}
			}
		},
		{
			"from": [4, 5, 6],
			"to": [5, 6, 7],
			"faces": {
				"north": {"uv": [12, 14, 13, 15], "texture": "#0"},
				"east": {"uv": [12, 14, 13, 15], "texture": "#0"},
				"south": {"uv": [12, 14, 13, 15], "texture": "#0"},
				"west": {"uv": [12, 14, 13, 15], "texture": "#0"},
				"up": {"uv": [12, 14, 13, 15], "rotation": 90, "texture": "#0"},
				"down": {"uv": [12, 14, 13, 15], "rotation": 270, "texture": "#0"}
			}
		},
		{
			"from": [4, 5, 5],
			"to": [5, 6, 6],
			"faces": {
				"north": {"uv": [12, 14, 13, 15], "texture": "#0"},
				"east": {"uv": [12, 14, 13, 15], "texture": "#0"},
				"south": {"uv": [12, 14, 13, 15], "texture": "#0"},
				"west": {"uv": [12, 14, 13, 15], "texture": "#0"},
				"up": {"uv": [12, 14, 13, 15], "rotation": 90, "texture": "#0"},
				"down": {"uv": [12, 14, 13, 15], "rotation": 270, "texture": "#0"}
			}
		},
		{
			"from": [4, 2, 4],
			"to": [5, 3, 5],
			"faces": {
				"north": {"uv": [12, 15, 13, 16], "texture": "#0"},
				"east": {"uv": [12, 15, 13, 16], "texture": "#0"},
				"south": {"uv": [7, 15, 8, 16], "texture": "#2"},
				"west": {"uv": [12, 15, 13, 16], "texture": "#0"},
				"up": {"uv": [12, 15, 13, 16], "rotation": 90, "texture": "#0"},
				"down": {"uv": [12, 15, 13, 16], "rotation": 270, "texture": "#0"}
			}
		},
		{
			"from": [4, 3, 5],
			"to": [5, 4, 6],
			"faces": {
				"north": {"uv": [12, 15, 13, 16], "texture": "#0"},
				"east": {"uv": [12, 15, 13, 16], "texture": "#0"},
				"south": {"uv": [7, 15, 8, 16], "texture": "#2"},
				"west": {"uv": [12, 15, 13, 16], "texture": "#0"},
				"up": {"uv": [12, 15, 13, 16], "rotation": 90, "texture": "#0"},
				"down": {"uv": [12, 15, 13, 16], "rotation": 270, "texture": "#0"}
			}
		},
		{
			"from": [4, 4, 6],
			"to": [5, 5, 7],
			"faces": {
				"north": {"uv": [12, 15, 13, 16], "texture": "#0"},
				"east": {"uv": [12, 15, 13, 16], "texture": "#0"},
				"south": {"uv": [12, 15, 13, 16], "texture": "#0"},
				"west": {"uv": [12, 15, 13, 16], "texture": "#0"},
				"up": {"uv": [12, 15, 13, 16], "rotation": 90, "texture": "#0"},
				"down": {"uv": [12, 15, 13, 16], "rotation": 270, "texture": "#0"}
			}
		},
		{
			"from": [4, 5, 7],
			"to": [5, 6, 8],
			"faces": {
				"north": {"uv": [12, 15, 13, 16], "texture": "#0"},
				"east": {"uv": [12, 15, 13, 16], "texture": "#0"},
				"south": {"uv": [12, 15, 13, 16], "texture": "#0"},
				"west": {"uv": [12, 15, 13, 16], "texture": "#0"},
				"up": {"uv": [12, 15, 13, 16], "rotation": 90, "texture": "#0"},
				"down": {"uv": [12, 15, 13, 16], "rotation": 270, "texture": "#0"}
			}
		},
		{
			"from": [4, 7, 6],
			"to": [5, 8, 7],
			"faces": {
				"north": {"uv": [12, 15, 13, 16], "texture": "#0"},
				"east": {"uv": [12, 15, 13, 16], "texture": "#0"},
				"south": {"uv": [12, 15, 13, 16], "texture": "#0"},
				"west": {"uv": [12, 15, 13, 16], "texture": "#0"},
				"up": {"uv": [12, 15, 13, 16], "rotation": 90, "texture": "#0"},
				"down": {"uv": [12, 15, 13, 16], "rotation": 270, "texture": "#0"}
			}
		},
		{
			"from": [4, 6, 8],
			"to": [5, 8, 9],
			"faces": {
				"north": {"uv": [12, 15, 13, 16], "texture": "#0"},
				"east": {"uv": [12, 15, 13, 16], "texture": "#0"},
				"south": {"uv": [12, 15, 13, 16], "texture": "#0"},
				"west": {"uv": [12, 15, 13, 16], "texture": "#0"},
				"up": {"uv": [12, 15, 13, 16], "rotation": 90, "texture": "#0"},
				"down": {"uv": [12, 15, 13, 16], "rotation": 270, "texture": "#0"}
			}
		},
		{
			"from": [4, 6, 5],
			"to": [5, 8, 6],
			"faces": {
				"north": {"uv": [12, 15, 13, 16], "texture": "#0"},
				"east": {"uv": [12, 15, 13, 16], "texture": "#0"},
				"south": {"uv": [12, 15, 13, 16], "texture": "#0"},
				"west": {"uv": [12, 15, 13, 16], "texture": "#0"},
				"up": {"uv": [12, 15, 13, 16], "rotation": 90, "texture": "#0"},
				"down": {"uv": [12, 15, 13, 16], "rotation": 270, "texture": "#0"}
			}
		},
		{
			"from": [4, 8, 6],
			"to": [5, 9, 8],
			"faces": {
				"north": {"uv": [12, 15, 13, 16], "texture": "#0"},
				"east": {"uv": [12, 15, 13, 16], "texture": "#0"},
				"south": {"uv": [12, 15, 13, 16], "texture": "#0"},
				"west": {"uv": [12, 15, 13, 16], "texture": "#0"},
				"up": {"uv": [12, 15, 13, 16], "rotation": 90, "texture": "#0"},
				"down": {"uv": [12, 15, 13, 16], "rotation": 270, "texture": "#0"}
			}
		},
		{
			"from": [4, 8, 4],
			"to": [5, 9, 5],
			"faces": {
				"north": {"uv": [12, 15, 13, 16], "texture": "#0"},
				"east": {"uv": [12, 15, 13, 16], "texture": "#0"},
				"south": {"uv": [12, 15, 13, 16], "texture": "#0"},
				"west": {"uv": [12, 15, 13, 16], "texture": "#0"},
				"up": {"uv": [12, 15, 13, 16], "rotation": 90, "texture": "#0"},
				"down": {"uv": [12, 15, 13, 16], "rotation": 270, "texture": "#0"}
			}
		},
		{
			"from": [4, 5, 4],
			"to": [5, 6, 5],
			"faces": {
				"north": {"uv": [12, 15, 13, 16], "texture": "#0"},
				"east": {"uv": [12, 15, 13, 16], "texture": "#0"},
				"south": {"uv": [12, 15, 13, 16], "texture": "#0"},
				"west": {"uv": [12, 15, 13, 16], "texture": "#0"},
				"up": {"uv": [12, 15, 13, 16], "rotation": 90, "texture": "#0"},
				"down": {"uv": [12, 15, 13, 16], "rotation": 270, "texture": "#0"}
			}
		},
		{
			"from": [4, 6, 1],
			"to": [5, 7, 2],
			"faces": {
				"north": {"uv": [12, 15, 13, 16], "texture": "#0"},
				"east": {"uv": [12, 15, 13, 16], "texture": "#0"},
				"south": {"uv": [12, 15, 13, 16], "texture": "#0"},
				"west": {"uv": [12, 15, 13, 16], "texture": "#0"},
				"up": {"uv": [12, 15, 13, 16], "rotation": 90, "texture": "#0"},
				"down": {"uv": [12, 15, 13, 16], "rotation": 270, "texture": "#0"}
			}
		},
		{
			"from": [4, 2, 3],
			"to": [5, 3, 4],
			"faces": {
				"north": {"uv": [12, 15, 13, 16], "texture": "#0"},
				"east": {"uv": [12, 15, 13, 16], "texture": "#0"},
				"south": {"uv": [12, 15, 13, 16], "texture": "#0"},
				"west": {"uv": [12, 15, 13, 16], "texture": "#0"},
				"up": {"uv": [12, 15, 13, 16], "rotation": 90, "texture": "#0"},
				"down": {"uv": [12, 15, 13, 16], "rotation": 270, "texture": "#0"}
			}
		},
		{
			"from": [4, 2, 5],
			"to": [5, 3, 6],
			"faces": {
				"north": {"uv": [13, 15, 14, 16], "texture": "#2"},
				"east": {"uv": [13, 15, 14, 16], "texture": "#2"},
				"south": {"uv": [13, 15, 14, 16], "texture": "#2"},
				"west": {"uv": [13, 15, 14, 16], "texture": "#2"},
				"up": {"uv": [13, 15, 14, 16], "rotation": 90, "texture": "#2"},
				"down": {"uv": [13, 15, 14, 16], "rotation": 270, "texture": "#2"}
			}
		},
		{
			"from": [4, 2, 6],
			"to": [5, 3, 7],
			"faces": {
				"north": {"uv": [14, 15, 15, 16], "texture": "#2"},
				"east": {"uv": [14, 15, 15, 16], "texture": "#2"},
				"south": {"uv": [14, 15, 15, 16], "texture": "#2"},
				"west": {"uv": [14, 15, 15, 16], "texture": "#2"},
				"up": {"uv": [14, 15, 15, 16], "rotation": 90, "texture": "#2"},
				"down": {"uv": [14, 15, 15, 16], "rotation": 270, "texture": "#2"}
			}
		},
		{
			"from": [5, 2, 4],
			"to": [6, 3, 5],
			"faces": {
				"north": {"uv": [13, 15, 14, 16], "texture": "#2"},
				"east": {"uv": [13, 15, 14, 16], "texture": "#2"},
				"south": {"uv": [13, 15, 14, 16], "texture": "#2"},
				"west": {"uv": [13, 15, 14, 16], "texture": "#2"},
				"up": {"uv": [13, 15, 14, 16], "rotation": 90, "texture": "#2"},
				"down": {"uv": [13, 15, 14, 16], "rotation": 270, "texture": "#2"}
			}
		},
		{
			"from": [3, 2, 6],
			"to": [4, 3, 7],
			"faces": {
				"north": {"uv": [13, 15, 14, 16], "texture": "#2"},
				"east": {"uv": [13, 15, 14, 16], "texture": "#2"},
				"south": {"uv": [13, 15, 14, 16], "texture": "#2"},
				"west": {"uv": [13, 15, 14, 16], "texture": "#2"},
				"up": {"uv": [13, 15, 14, 16], "rotation": 90, "texture": "#2"},
				"down": {"uv": [13, 15, 14, 16], "rotation": 270, "texture": "#2"}
			}
		},
		{
			"from": [5, 2, 6],
			"to": [6, 3, 7],
			"faces": {
				"north": {"uv": [13, 15, 14, 16], "texture": "#2"},
				"east": {"uv": [13, 15, 14, 16], "texture": "#2"},
				"south": {"uv": [13, 15, 14, 16], "texture": "#2"},
				"west": {"uv": [13, 15, 14, 16], "texture": "#2"},
				"up": {"uv": [13, 15, 14, 16], "rotation": 90, "texture": "#2"},
				"down": {"uv": [13, 15, 14, 16], "rotation": 270, "texture": "#2"}
			}
		},
		{
			"from": [2, 1, 3],
			"to": [7, 2, 8],
			"faces": {
				"north": {"uv": [11, 15, 16, 16], "texture": "#3"},
				"east": {"uv": [11, 15, 16, 16], "texture": "#3"},
				"south": {"uv": [11, 15, 16, 16], "texture": "#3"},
				"west": {"uv": [11, 15, 16, 16], "texture": "#3"},
				"up": {"uv": [13, 15, 14, 16], "rotation": 90, "texture": "#2"},
				"down": {"uv": [13, 15, 14, 16], "rotation": 270, "texture": "#2"}
			}
		},
		{
			"from": [3, 0, 4],
			"to": [6, 1, 7],
			"faces": {
				"north": {"uv": [12, 14, 15, 15], "texture": "#3"},
				"east": {"uv": [12, 14, 15, 15], "texture": "#3"},
				"south": {"uv": [12, 14, 15, 15], "texture": "#3"},
				"west": {"uv": [12, 14, 15, 15], "texture": "#3"},
				"up": {"uv": [13, 15, 14, 16], "rotation": 90, "texture": "#2"},
				"down": {"uv": [13, 15, 14, 16], "rotation": 270, "texture": "#2"}
			}
		},
		{
			"from": [5, 2, 5],
			"to": [6, 3, 6],
			"faces": {
				"north": {"uv": [14, 15, 15, 16], "texture": "#2"},
				"east": {"uv": [14, 15, 15, 16], "texture": "#2"},
				"south": {"uv": [14, 15, 15, 16], "texture": "#2"},
				"west": {"uv": [14, 15, 15, 16], "texture": "#2"},
				"up": {"uv": [14, 15, 15, 16], "rotation": 90, "texture": "#2"},
				"down": {"uv": [14, 15, 15, 16], "rotation": 270, "texture": "#2"}
			}
		},
		{
			"from": [3, 3, 5],
			"to": [4, 4, 6],
			"faces": {
				"north": {"uv": [14, 15, 15, 16], "texture": "#2"},
				"east": {"uv": [14, 15, 15, 16], "texture": "#2"},
				"south": {"uv": [14, 15, 15, 16], "texture": "#2"},
				"west": {"uv": [14, 15, 15, 16], "texture": "#2"},
				"up": {"uv": [14, 15, 15, 16], "rotation": 90, "texture": "#2"},
				"down": {"uv": [14, 15, 15, 16], "rotation": 270, "texture": "#2"}
			}
		},
		{
			"from": [3, 4, 4],
			"to": [4, 5, 5],
			"faces": {
				"north": {"uv": [14, 15, 15, 16], "texture": "#2"},
				"east": {"uv": [14, 15, 15, 16], "texture": "#2"},
				"south": {"uv": [14, 15, 15, 16], "texture": "#2"},
				"west": {"uv": [14, 15, 15, 16], "texture": "#2"},
				"up": {"uv": [14, 15, 15, 16], "rotation": 90, "texture": "#2"},
				"down": {"uv": [14, 15, 15, 16], "rotation": 270, "texture": "#2"}
			}
		},
		{
			"from": [3, 2, 4],
			"to": [4, 3, 5],
			"faces": {
				"north": {"uv": [13, 15, 14, 16], "texture": "#2"},
				"east": {"uv": [13, 15, 14, 16], "texture": "#2"},
				"south": {"uv": [13, 15, 14, 16], "texture": "#2"},
				"west": {"uv": [13, 15, 14, 16], "texture": "#2"},
				"up": {"uv": [13, 15, 14, 16], "rotation": 90, "texture": "#2"},
				"down": {"uv": [13, 15, 14, 16], "rotation": 270, "texture": "#2"}
			}
		},
		{
			"from": [3, 2, 5],
			"to": [4, 3, 6],
			"faces": {
				"north": {"uv": [14, 15, 15, 16], "texture": "#2"},
				"east": {"uv": [14, 15, 15, 16], "texture": "#2"},
				"south": {"uv": [14, 15, 15, 16], "texture": "#2"},
				"west": {"uv": [14, 15, 15, 16], "texture": "#2"},
				"up": {"uv": [14, 15, 15, 16], "rotation": 90, "texture": "#2"},
				"down": {"uv": [14, 15, 15, 16], "rotation": 270, "texture": "#2"}
			}
		},
		{
			"from": [4, 6, 7],
			"to": [5, 7, 8],
			"faces": {
				"north": {"uv": [12, 14, 13, 15], "texture": "#0"},
				"east": {"uv": [12, 14, 13, 15], "texture": "#0"},
				"south": {"uv": [12, 14, 13, 15], "texture": "#0"},
				"west": {"uv": [12, 14, 13, 15], "texture": "#0"},
				"up": {"uv": [12, 14, 13, 15], "rotation": 90, "texture": "#0"},
				"down": {"uv": [12, 14, 13, 15], "rotation": 270, "texture": "#0"}
			}
		},
		{
			"from": [4, 7, 1],
			"to": [5, 8, 2],
			"faces": {
				"north": {"uv": [12, 14, 13, 15], "texture": "#0"},
				"east": {"uv": [12, 14, 13, 15], "texture": "#0"},
				"south": {"uv": [12, 14, 13, 15], "texture": "#0"},
				"west": {"uv": [12, 14, 13, 15], "texture": "#0"},
				"up": {"uv": [12, 14, 13, 15], "rotation": 90, "texture": "#0"},
				"down": {"uv": [12, 14, 13, 15], "rotation": 270, "texture": "#0"}
			}
		},
		{
			"from": [4, 8, 2],
			"to": [5, 9, 3],
			"faces": {
				"north": {"uv": [12, 14, 13, 15], "texture": "#0"},
				"east": {"uv": [12, 14, 13, 15], "texture": "#0"},
				"south": {"uv": [12, 14, 13, 15], "texture": "#0"},
				"west": {"uv": [12, 14, 13, 15], "texture": "#0"},
				"up": {"uv": [12, 14, 13, 15], "rotation": 90, "texture": "#0"},
				"down": {"uv": [12, 14, 13, 15], "rotation": 270, "texture": "#0"}
			}
		},
		{
			"from": [6, 1, 11],
			"to": [7, 2, 12],
			"faces": {
				"north": {"uv": [12, 14, 13, 15], "texture": "#0"},
				"east": {"uv": [12, 14, 13, 15], "texture": "#0"},
				"south": {"uv": [12, 14, 13, 15], "texture": "#0"},
				"west": {"uv": [12, 14, 13, 15], "texture": "#0"},
				"up": {"uv": [12, 14, 13, 15], "rotation": 180, "texture": "#0"},
				"down": {"uv": [12, 14, 13, 15], "rotation": 180, "texture": "#0"}
			}
		},
		{
			"from": [6, 0, 11],
			"to": [7, 1, 12],
			"faces": {
				"north": {"uv": [12, 15, 13, 16], "texture": "#0"},
				"east": {"uv": [12, 15, 13, 16], "texture": "#0"},
				"south": {"uv": [12, 15, 13, 16], "texture": "#0"},
				"west": {"uv": [12, 15, 13, 16], "texture": "#1"},
				"up": {"uv": [12, 15, 13, 16], "rotation": 180, "texture": "#0"},
				"down": {"uv": [12, 15, 13, 16], "rotation": 180, "texture": "#0"}
			}
		},
		{
			"from": [6, 1, 10],
			"to": [7, 2, 11],
			"faces": {
				"north": {"uv": [12, 15, 13, 16], "texture": "#0"},
				"east": {"uv": [12, 15, 13, 16], "texture": "#0"},
				"south": {"uv": [12, 15, 13, 16], "texture": "#0"},
				"west": {"uv": [12, 15, 13, 16], "texture": "#1"},
				"up": {"uv": [12, 15, 13, 16], "rotation": 180, "texture": "#0"},
				"down": {"uv": [12, 15, 13, 16], "rotation": 180, "texture": "#0"}
			}
		},
		{
			"from": [6, 2, 11],
			"to": [7, 4, 12],
			"faces": {
				"north": {"uv": [12, 15, 13, 16], "texture": "#0"},
				"east": {"uv": [12, 15, 13, 16], "texture": "#0"},
				"south": {"uv": [12, 15, 13, 16], "texture": "#0"},
				"west": {"uv": [12, 15, 13, 16], "texture": "#2"},
				"up": {"uv": [12, 15, 13, 16], "rotation": 180, "texture": "#0"},
				"down": {"uv": [12, 15, 13, 16], "rotation": 180, "texture": "#0"}
			}
		},
		{
			"from": [6, 4, 14],
			"to": [7, 5, 15],
			"faces": {
				"north": {"uv": [12, 15, 13, 16], "texture": "#0"},
				"east": {"uv": [12, 15, 13, 16], "texture": "#0"},
				"south": {"uv": [12, 15, 13, 16], "texture": "#0"},
				"west": {"uv": [12, 15, 13, 16], "texture": "#2"},
				"up": {"uv": [12, 15, 13, 16], "rotation": 180, "texture": "#0"},
				"down": {"uv": [12, 15, 13, 16], "rotation": 180, "texture": "#0"}
			}
		},
		{
			"from": [6, 5, 13],
			"to": [7, 6, 14],
			"faces": {
				"north": {"uv": [12, 15, 13, 16], "texture": "#0"},
				"east": {"uv": [12, 15, 13, 16], "texture": "#0"},
				"south": {"uv": [12, 15, 13, 16], "texture": "#0"},
				"west": {"uv": [12, 15, 13, 16], "texture": "#2"},
				"up": {"uv": [12, 15, 13, 16], "rotation": 180, "texture": "#0"},
				"down": {"uv": [12, 15, 13, 16], "rotation": 180, "texture": "#0"}
			}
		},
		{
			"from": [6, 2, 10],
			"to": [7, 3, 11],
			"faces": {
				"north": {"uv": [11, 13, 12, 14], "texture": "#0"},
				"east": {"uv": [11, 13, 12, 14], "texture": "#0"},
				"south": {"uv": [11, 13, 12, 14], "texture": "#0"},
				"west": {"uv": [11, 13, 12, 14], "texture": "#0"},
				"up": {"uv": [11, 13, 12, 14], "rotation": 180, "texture": "#0"},
				"down": {"uv": [11, 13, 12, 14], "rotation": 180, "texture": "#0"}
			}
		},
		{
			"from": [6, 2, 12],
			"to": [7, 3, 13],
			"faces": {
				"north": {"uv": [11, 13, 12, 14], "texture": "#0"},
				"east": {"uv": [11, 13, 12, 14], "texture": "#0"},
				"south": {"uv": [11, 13, 12, 14], "texture": "#0"},
				"west": {"uv": [11, 13, 12, 14], "texture": "#0"},
				"up": {"uv": [11, 13, 12, 14], "rotation": 180, "texture": "#0"},
				"down": {"uv": [11, 13, 12, 14], "rotation": 180, "texture": "#0"}
			}
		},
		{
			"from": [6, 3, 13],
			"to": [7, 4, 14],
			"faces": {
				"north": {"uv": [11, 13, 12, 14], "texture": "#0"},
				"east": {"uv": [11, 13, 12, 14], "texture": "#0"},
				"south": {"uv": [11, 13, 12, 14], "texture": "#0"},
				"west": {"uv": [11, 13, 12, 14], "texture": "#0"},
				"up": {"uv": [11, 13, 12, 14], "rotation": 180, "texture": "#0"},
				"down": {"uv": [11, 13, 12, 14], "rotation": 180, "texture": "#0"}
			}
		},
		{
			"from": [6, 5, 12],
			"to": [7, 6, 13],
			"faces": {
				"north": {"uv": [11, 13, 12, 14], "texture": "#0"},
				"east": {"uv": [11, 13, 12, 14], "texture": "#0"},
				"south": {"uv": [11, 13, 12, 14], "texture": "#0"},
				"west": {"uv": [11, 13, 12, 14], "texture": "#0"},
				"up": {"uv": [11, 13, 12, 14], "rotation": 180, "texture": "#0"},
				"down": {"uv": [11, 13, 12, 14], "rotation": 180, "texture": "#0"}
			}
		},
		{
			"from": [6, 7, 14],
			"to": [7, 8, 15],
			"faces": {
				"north": {"uv": [11, 13, 12, 14], "texture": "#0"},
				"east": {"uv": [11, 13, 12, 14], "texture": "#0"},
				"south": {"uv": [11, 13, 12, 14], "texture": "#0"},
				"west": {"uv": [11, 13, 12, 14], "texture": "#0"},
				"up": {"uv": [11, 13, 12, 14], "rotation": 180, "texture": "#0"},
				"down": {"uv": [11, 13, 12, 14], "rotation": 180, "texture": "#0"}
			}
		},
		{
			"from": [6, 6, 13],
			"to": [7, 7, 15],
			"faces": {
				"north": {"uv": [11, 13, 12, 14], "texture": "#0"},
				"east": {"uv": [11, 13, 12, 14], "texture": "#0"},
				"south": {"uv": [11, 13, 12, 14], "texture": "#0"},
				"west": {"uv": [11, 13, 12, 14], "texture": "#0"},
				"up": {"uv": [11, 13, 12, 14], "rotation": 180, "texture": "#0"},
				"down": {"uv": [11, 13, 12, 14], "rotation": 180, "texture": "#0"}
			}
		},
		{
			"from": [6, 1, 12],
			"to": [7, 2, 13],
			"faces": {
				"north": {"uv": [12, 14, 13, 15], "texture": "#0"},
				"east": {"uv": [12, 14, 13, 15], "texture": "#0"},
				"south": {"uv": [12, 14, 13, 15], "texture": "#0"},
				"west": {"uv": [12, 14, 13, 15], "texture": "#0"},
				"up": {"uv": [12, 14, 13, 15], "rotation": 180, "texture": "#0"},
				"down": {"uv": [12, 14, 13, 15], "rotation": 180, "texture": "#0"}
			}
		},
		{
			"from": [6, 2, 13],
			"to": [7, 3, 14],
			"faces": {
				"north": {"uv": [12, 14, 13, 15], "texture": "#0"},
				"east": {"uv": [12, 14, 13, 15], "texture": "#0"},
				"south": {"uv": [12, 14, 13, 15], "texture": "#0"},
				"west": {"uv": [12, 14, 13, 15], "texture": "#0"},
				"up": {"uv": [12, 14, 13, 15], "rotation": 180, "texture": "#0"},
				"down": {"uv": [12, 14, 13, 15], "rotation": 180, "texture": "#0"}
			}
		},
		{
			"from": [6, 3, 12],
			"to": [7, 4, 13],
			"faces": {
				"north": {"uv": [12, 14, 13, 15], "texture": "#0"},
				"east": {"uv": [12, 14, 13, 15], "texture": "#0"},
				"south": {"uv": [12, 14, 13, 15], "texture": "#0"},
				"west": {"uv": [12, 14, 13, 15], "texture": "#0"},
				"up": {"uv": [12, 14, 13, 15], "rotation": 180, "texture": "#0"},
				"down": {"uv": [12, 14, 13, 15], "rotation": 180, "texture": "#0"}
			}
		},
		{
			"from": [6, 6, 12],
			"to": [7, 7, 13],
			"faces": {
				"north": {"uv": [12, 14, 13, 15], "texture": "#0"},
				"east": {"uv": [12, 14, 13, 15], "texture": "#0"},
				"south": {"uv": [12, 14, 13, 15], "texture": "#0"},
				"west": {"uv": [12, 14, 13, 15], "texture": "#0"},
				"up": {"uv": [12, 14, 13, 15], "rotation": 180, "texture": "#0"},
				"down": {"uv": [12, 14, 13, 15], "rotation": 180, "texture": "#0"}
			}
		},
		{
			"from": [6, 5, 14],
			"to": [7, 6, 15],
			"faces": {
				"north": {"uv": [12, 14, 13, 15], "texture": "#0"},
				"east": {"uv": [12, 14, 13, 15], "texture": "#0"},
				"south": {"uv": [12, 14, 13, 15], "texture": "#0"},
				"west": {"uv": [12, 14, 13, 15], "texture": "#0"},
				"up": {"uv": [12, 14, 13, 15], "rotation": 180, "texture": "#0"},
				"down": {"uv": [12, 14, 13, 15], "rotation": 180, "texture": "#0"}
			}
		},
		{
			"from": [6, 7, 13],
			"to": [7, 8, 14],
			"faces": {
				"north": {"uv": [12, 14, 13, 15], "texture": "#0"},
				"east": {"uv": [12, 14, 13, 15], "texture": "#0"},
				"south": {"uv": [12, 14, 13, 15], "texture": "#0"},
				"west": {"uv": [12, 14, 13, 15], "texture": "#0"},
				"up": {"uv": [12, 14, 13, 15], "rotation": 180, "texture": "#0"},
				"down": {"uv": [12, 14, 13, 15], "rotation": 180, "texture": "#0"}
			}
		},
		{
			"from": [6, 4, 11],
			"to": [7, 5, 14],
			"faces": {
				"north": {"uv": [12, 14, 13, 15], "texture": "#0"},
				"east": {"uv": [12, 14, 13, 15], "texture": "#0"},
				"south": {"uv": [12, 14, 13, 15], "texture": "#0"},
				"west": {"uv": [12, 14, 13, 15], "texture": "#0"},
				"up": {"uv": [12, 14, 13, 15], "rotation": 180, "texture": "#0"},
				"down": {"uv": [12, 14, 13, 15], "rotation": 180, "texture": "#0"}
			}
		},
		{
			"from": [6, 0, 12],
			"to": [7, 1, 13],
			"faces": {
				"north": {"uv": [13, 15, 14, 16], "texture": "#2"},
				"east": {"uv": [13, 15, 14, 16], "texture": "#2"},
				"south": {"uv": [13, 15, 14, 16], "texture": "#2"},
				"west": {"uv": [13, 15, 14, 16], "texture": "#2"},
				"up": {"uv": [13, 15, 14, 16], "rotation": 180, "texture": "#2"},
				"down": {"uv": [13, 15, 14, 16], "rotation": 180, "texture": "#2"}
			}
		},
		{
			"from": [5, 0, 10],
			"to": [6, 1, 11],
			"faces": {
				"north": {"uv": [13, 15, 14, 16], "texture": "#2"},
				"east": {"uv": [13, 15, 14, 16], "texture": "#2"},
				"south": {"uv": [13, 15, 14, 16], "texture": "#2"},
				"west": {"uv": [13, 15, 14, 16], "texture": "#2"},
				"up": {"uv": [13, 15, 14, 16], "rotation": 180, "texture": "#2"},
				"down": {"uv": [13, 15, 14, 16], "rotation": 180, "texture": "#2"}
			}
		},
		{
			"from": [7, 0, 11],
			"to": [8, 1, 12],
			"faces": {
				"north": {"uv": [14, 15, 15, 16], "texture": "#2"},
				"east": {"uv": [14, 15, 15, 16], "texture": "#2"},
				"south": {"uv": [14, 15, 15, 16], "texture": "#2"},
				"west": {"uv": [14, 15, 15, 16], "texture": "#2"},
				"up": {"uv": [14, 15, 15, 16], "rotation": 180, "texture": "#2"},
				"down": {"uv": [14, 15, 15, 16], "rotation": 180, "texture": "#2"}
			}
		},
		{
			"from": [7, 0, 10],
			"to": [8, 1, 11],
			"faces": {
				"north": {"uv": [13, 15, 14, 16], "texture": "#2"},
				"east": {"uv": [13, 15, 14, 16], "texture": "#2"},
				"south": {"uv": [13, 15, 14, 16], "texture": "#2"},
				"west": {"uv": [13, 15, 14, 16], "texture": "#2"},
				"up": {"uv": [13, 15, 14, 16], "rotation": 180, "texture": "#2"},
				"down": {"uv": [13, 15, 14, 16], "rotation": 180, "texture": "#2"}
			}
		},
		{
			"from": [7, 0, 12],
			"to": [8, 1, 13],
			"faces": {
				"north": {"uv": [13, 15, 14, 16], "texture": "#2"},
				"east": {"uv": [13, 15, 14, 16], "texture": "#2"},
				"south": {"uv": [13, 15, 14, 16], "texture": "#2"},
				"west": {"uv": [13, 15, 14, 16], "texture": "#2"},
				"up": {"uv": [13, 15, 14, 16], "rotation": 180, "texture": "#2"},
				"down": {"uv": [13, 15, 14, 16], "rotation": 180, "texture": "#2"}
			}
		},
		{
			"from": [6, 0, 10],
			"to": [7, 1, 11],
			"faces": {
				"north": {"uv": [14, 15, 15, 16], "texture": "#2"},
				"east": {"uv": [14, 15, 15, 16], "texture": "#2"},
				"south": {"uv": [14, 15, 15, 16], "texture": "#2"},
				"west": {"uv": [14, 15, 15, 16], "texture": "#2"},
				"up": {"uv": [14, 15, 15, 16], "rotation": 180, "texture": "#2"},
				"down": {"uv": [14, 15, 15, 16], "rotation": 180, "texture": "#2"}
			}
		},
		{
			"from": [5, 0, 12],
			"to": [6, 1, 13],
			"faces": {
				"north": {"uv": [14, 15, 15, 16], "texture": "#2"},
				"east": {"uv": [14, 15, 15, 16], "texture": "#2"},
				"south": {"uv": [14, 15, 15, 16], "texture": "#2"},
				"west": {"uv": [14, 15, 15, 16], "texture": "#2"},
				"up": {"uv": [14, 15, 15, 16], "rotation": 180, "texture": "#2"},
				"down": {"uv": [14, 15, 15, 16], "rotation": 180, "texture": "#2"}
			}
		},
		{
			"from": [5, 0, 11],
			"to": [6, 1, 12],
			"faces": {
				"north": {"uv": [14, 15, 15, 16], "texture": "#2"},
				"east": {"uv": [14, 15, 15, 16], "texture": "#2"},
				"south": {"uv": [14, 15, 15, 16], "texture": "#2"},
				"west": {"uv": [14, 15, 15, 16], "texture": "#2"},
				"up": {"uv": [14, 15, 15, 16], "rotation": 180, "texture": "#2"},
				"down": {"uv": [14, 15, 15, 16], "rotation": 180, "texture": "#2"}
			}
		},
		{
			"from": [11, 1, 3],
			"to": [12, 2, 4],
			"faces": {
				"north": {"uv": [12, 14, 13, 15], "texture": "#0"},
				"east": {"uv": [12, 14, 13, 15], "texture": "#0"},
				"south": {"uv": [12, 14, 13, 15], "texture": "#0"},
				"west": {"uv": [12, 14, 13, 15], "texture": "#0"},
				"up": {"uv": [12, 14, 13, 15], "rotation": 270, "texture": "#0"},
				"down": {"uv": [12, 14, 13, 15], "rotation": 90, "texture": "#0"}
			}
		},
		{
			"from": [11, 0, 3],
			"to": [12, 1, 4],
			"faces": {
				"north": {"uv": [12, 15, 13, 16], "texture": "#1"},
				"east": {"uv": [12, 15, 13, 16], "texture": "#0"},
				"south": {"uv": [12, 15, 13, 16], "texture": "#0"},
				"west": {"uv": [12, 15, 13, 16], "texture": "#0"},
				"up": {"uv": [12, 15, 13, 16], "rotation": 270, "texture": "#0"},
				"down": {"uv": [12, 15, 13, 16], "rotation": 90, "texture": "#0"}
			}
		},
		{
			"from": [12, 1, 3],
			"to": [13, 2, 4],
			"faces": {
				"north": {"uv": [12, 15, 13, 16], "texture": "#1"},
				"east": {"uv": [12, 15, 13, 16], "texture": "#0"},
				"south": {"uv": [12, 15, 13, 16], "texture": "#0"},
				"west": {"uv": [12, 15, 13, 16], "texture": "#0"},
				"up": {"uv": [12, 15, 13, 16], "rotation": 270, "texture": "#0"},
				"down": {"uv": [12, 15, 13, 16], "rotation": 90, "texture": "#0"}
			}
		},
		{
			"from": [11, 2, 3],
			"to": [12, 4, 4],
			"faces": {
				"north": {"uv": [12, 15, 13, 16], "texture": "#2"},
				"east": {"uv": [12, 15, 13, 16], "texture": "#0"},
				"south": {"uv": [12, 15, 13, 16], "texture": "#0"},
				"west": {"uv": [12, 15, 13, 16], "texture": "#0"},
				"up": {"uv": [12, 15, 13, 16], "rotation": 270, "texture": "#0"},
				"down": {"uv": [12, 15, 13, 16], "rotation": 90, "texture": "#0"}
			}
		},
		{
			"from": [8, 3, 3],
			"to": [9, 5, 4],
			"faces": {
				"north": {"uv": [12, 15, 13, 16], "texture": "#2"},
				"east": {"uv": [12, 15, 13, 16], "texture": "#0"},
				"south": {"uv": [12, 15, 13, 16], "texture": "#0"},
				"west": {"uv": [12, 15, 13, 16], "texture": "#0"},
				"up": {"uv": [12, 15, 13, 16], "rotation": 270, "texture": "#0"},
				"down": {"uv": [12, 15, 13, 16], "rotation": 90, "texture": "#0"}
			}
		},
		{
			"from": [9, 5, 3],
			"to": [10, 6, 4],
			"faces": {
				"north": {"uv": [12, 15, 13, 16], "texture": "#2"},
				"east": {"uv": [12, 15, 13, 16], "texture": "#0"},
				"south": {"uv": [12, 15, 13, 16], "texture": "#0"},
				"west": {"uv": [12, 15, 13, 16], "texture": "#0"},
				"up": {"uv": [12, 15, 13, 16], "rotation": 270, "texture": "#0"},
				"down": {"uv": [12, 15, 13, 16], "rotation": 90, "texture": "#0"}
			}
		},
		{
			"from": [12, 2, 3],
			"to": [13, 3, 4],
			"faces": {
				"north": {"uv": [11, 13, 12, 14], "texture": "#0"},
				"east": {"uv": [11, 13, 12, 14], "texture": "#0"},
				"south": {"uv": [11, 13, 12, 14], "texture": "#0"},
				"west": {"uv": [11, 13, 12, 14], "texture": "#0"},
				"up": {"uv": [11, 13, 12, 14], "rotation": 270, "texture": "#0"},
				"down": {"uv": [11, 13, 12, 14], "rotation": 90, "texture": "#0"}
			}
		},
		{
			"from": [10, 2, 3],
			"to": [11, 3, 4],
			"faces": {
				"north": {"uv": [11, 13, 12, 14], "texture": "#0"},
				"east": {"uv": [11, 13, 12, 14], "texture": "#0"},
				"south": {"uv": [11, 13, 12, 14], "texture": "#0"},
				"west": {"uv": [11, 13, 12, 14], "texture": "#0"},
				"up": {"uv": [11, 13, 12, 14], "rotation": 270, "texture": "#0"},
				"down": {"uv": [11, 13, 12, 14], "rotation": 90, "texture": "#0"}
			}
		},
		{
			"from": [9, 3, 3],
			"to": [10, 4, 4],
			"faces": {
				"north": {"uv": [11, 13, 12, 14], "texture": "#0"},
				"east": {"uv": [11, 13, 12, 14], "texture": "#0"},
				"south": {"uv": [11, 13, 12, 14], "texture": "#0"},
				"west": {"uv": [11, 13, 12, 14], "texture": "#0"},
				"up": {"uv": [11, 13, 12, 14], "rotation": 270, "texture": "#0"},
				"down": {"uv": [11, 13, 12, 14], "rotation": 90, "texture": "#0"}
			}
		},
		{
			"from": [10, 5, 3],
			"to": [11, 6, 4],
			"faces": {
				"north": {"uv": [11, 13, 12, 14], "texture": "#0"},
				"east": {"uv": [11, 13, 12, 14], "texture": "#0"},
				"south": {"uv": [11, 13, 12, 14], "texture": "#0"},
				"west": {"uv": [11, 13, 12, 14], "texture": "#0"},
				"up": {"uv": [11, 13, 12, 14], "rotation": 270, "texture": "#0"},
				"down": {"uv": [11, 13, 12, 14], "rotation": 90, "texture": "#0"}
			}
		},
		{
			"from": [10, 1, 3],
			"to": [11, 2, 4],
			"faces": {
				"north": {"uv": [12, 14, 13, 15], "texture": "#0"},
				"east": {"uv": [12, 14, 13, 15], "texture": "#0"},
				"south": {"uv": [12, 14, 13, 15], "texture": "#0"},
				"west": {"uv": [12, 14, 13, 15], "texture": "#0"},
				"up": {"uv": [12, 14, 13, 15], "rotation": 270, "texture": "#0"},
				"down": {"uv": [12, 14, 13, 15], "rotation": 90, "texture": "#0"}
			}
		},
		{
			"from": [9, 2, 3],
			"to": [10, 3, 4],
			"faces": {
				"north": {"uv": [12, 14, 13, 15], "texture": "#0"},
				"east": {"uv": [12, 14, 13, 15], "texture": "#0"},
				"south": {"uv": [12, 14, 13, 15], "texture": "#0"},
				"west": {"uv": [12, 14, 13, 15], "texture": "#0"},
				"up": {"uv": [12, 14, 13, 15], "rotation": 270, "texture": "#0"},
				"down": {"uv": [12, 14, 13, 15], "rotation": 90, "texture": "#0"}
			}
		},
		{
			"from": [10, 3, 3],
			"to": [11, 4, 4],
			"faces": {
				"north": {"uv": [12, 14, 13, 15], "texture": "#0"},
				"east": {"uv": [12, 14, 13, 15], "texture": "#0"},
				"south": {"uv": [12, 14, 13, 15], "texture": "#0"},
				"west": {"uv": [12, 14, 13, 15], "texture": "#0"},
				"up": {"uv": [12, 14, 13, 15], "rotation": 270, "texture": "#0"},
				"down": {"uv": [12, 14, 13, 15], "rotation": 90, "texture": "#0"}
			}
		},
		{
			"from": [10, 6, 3],
			"to": [11, 7, 4],
			"faces": {
				"north": {"uv": [12, 14, 13, 15], "texture": "#0"},
				"east": {"uv": [12, 14, 13, 15], "texture": "#0"},
				"south": {"uv": [12, 14, 13, 15], "texture": "#0"},
				"west": {"uv": [12, 14, 13, 15], "texture": "#0"},
				"up": {"uv": [12, 14, 13, 15], "rotation": 270, "texture": "#0"},
				"down": {"uv": [12, 14, 13, 15], "rotation": 90, "texture": "#0"}
			}
		},
		{
			"from": [9, 4, 3],
			"to": [12, 5, 4],
			"faces": {
				"north": {"uv": [12, 14, 13, 15], "texture": "#0"},
				"east": {"uv": [12, 14, 13, 15], "texture": "#0"},
				"south": {"uv": [12, 14, 13, 15], "texture": "#0"},
				"west": {"uv": [12, 14, 13, 15], "texture": "#0"},
				"up": {"uv": [12, 14, 13, 15], "rotation": 270, "texture": "#0"},
				"down": {"uv": [12, 14, 13, 15], "rotation": 90, "texture": "#0"}
			}
		},
		{
			"from": [10, 0, 3],
			"to": [11, 1, 4],
			"faces": {
				"north": {"uv": [13, 15, 14, 16], "texture": "#2"},
				"east": {"uv": [13, 15, 14, 16], "texture": "#2"},
				"south": {"uv": [13, 15, 14, 16], "texture": "#2"},
				"west": {"uv": [13, 15, 14, 16], "texture": "#2"},
				"up": {"uv": [13, 15, 14, 16], "rotation": 270, "texture": "#2"},
				"down": {"uv": [13, 15, 14, 16], "rotation": 90, "texture": "#2"}
			}
		},
		{
			"from": [12, 0, 2],
			"to": [13, 1, 3],
			"faces": {
				"north": {"uv": [13, 15, 14, 16], "texture": "#2"},
				"east": {"uv": [13, 15, 14, 16], "texture": "#2"},
				"south": {"uv": [13, 15, 14, 16], "texture": "#2"},
				"west": {"uv": [13, 15, 14, 16], "texture": "#2"},
				"up": {"uv": [13, 15, 14, 16], "rotation": 270, "texture": "#2"},
				"down": {"uv": [13, 15, 14, 16], "rotation": 90, "texture": "#2"}
			}
		},
		{
			"from": [11, 0, 4],
			"to": [12, 1, 5],
			"faces": {
				"north": {"uv": [14, 15, 15, 16], "texture": "#2"},
				"east": {"uv": [14, 15, 15, 16], "texture": "#2"},
				"south": {"uv": [14, 15, 15, 16], "texture": "#2"},
				"west": {"uv": [14, 15, 15, 16], "texture": "#2"},
				"up": {"uv": [14, 15, 15, 16], "rotation": 270, "texture": "#2"},
				"down": {"uv": [14, 15, 15, 16], "rotation": 90, "texture": "#2"}
			}
		},
		{
			"from": [12, 0, 4],
			"to": [13, 1, 5],
			"faces": {
				"north": {"uv": [13, 15, 14, 16], "texture": "#2"},
				"east": {"uv": [13, 15, 14, 16], "texture": "#2"},
				"south": {"uv": [13, 15, 14, 16], "texture": "#2"},
				"west": {"uv": [13, 15, 14, 16], "texture": "#2"},
				"up": {"uv": [13, 15, 14, 16], "rotation": 270, "texture": "#2"},
				"down": {"uv": [13, 15, 14, 16], "rotation": 90, "texture": "#2"}
			}
		},
		{
			"from": [10, 0, 4],
			"to": [11, 1, 5],
			"faces": {
				"north": {"uv": [13, 15, 14, 16], "texture": "#2"},
				"east": {"uv": [13, 15, 14, 16], "texture": "#2"},
				"south": {"uv": [13, 15, 14, 16], "texture": "#2"},
				"west": {"uv": [13, 15, 14, 16], "texture": "#2"},
				"up": {"uv": [13, 15, 14, 16], "rotation": 270, "texture": "#2"},
				"down": {"uv": [13, 15, 14, 16], "rotation": 90, "texture": "#2"}
			}
		},
		{
			"from": [12, 0, 3],
			"to": [13, 1, 4],
			"faces": {
				"north": {"uv": [14, 15, 15, 16], "texture": "#2"},
				"east": {"uv": [14, 15, 15, 16], "texture": "#2"},
				"south": {"uv": [14, 15, 15, 16], "texture": "#2"},
				"west": {"uv": [14, 15, 15, 16], "texture": "#2"},
				"up": {"uv": [14, 15, 15, 16], "rotation": 270, "texture": "#2"},
				"down": {"uv": [14, 15, 15, 16], "rotation": 90, "texture": "#2"}
			}
		},
		{
			"from": [10, 0, 2],
			"to": [11, 1, 3],
			"faces": {
				"north": {"uv": [14, 15, 15, 16], "texture": "#2"},
				"east": {"uv": [14, 15, 15, 16], "texture": "#2"},
				"south": {"uv": [14, 15, 15, 16], "texture": "#2"},
				"west": {"uv": [14, 15, 15, 16], "texture": "#2"},
				"up": {"uv": [14, 15, 15, 16], "rotation": 270, "texture": "#2"},
				"down": {"uv": [14, 15, 15, 16], "rotation": 90, "texture": "#2"}
			}
		},
		{
			"from": [11, 0, 2],
			"to": [12, 1, 3],
			"faces": {
				"north": {"uv": [14, 15, 15, 16], "texture": "#2"},
				"east": {"uv": [14, 15, 15, 16], "texture": "#2"},
				"south": {"uv": [14, 15, 15, 16], "texture": "#2"},
				"west": {"uv": [14, 15, 15, 16], "texture": "#2"},
				"up": {"uv": [14, 15, 15, 16], "rotation": 270, "texture": "#2"},
				"down": {"uv": [14, 15, 15, 16], "rotation": 90, "texture": "#2"}
			}
		},
		{
			"from": [2, 1, 12],
			"to": [3, 2, 13],
			"faces": {
				"north": {"uv": [12, 14, 13, 15], "texture": "#0"},
				"east": {"uv": [12, 14, 13, 15], "texture": "#0"},
				"south": {"uv": [12, 14, 13, 15], "texture": "#0"},
				"west": {"uv": [12, 14, 13, 15], "texture": "#0"},
				"up": {"uv": [12, 14, 13, 15], "rotation": 180, "texture": "#0"},
				"down": {"uv": [12, 14, 13, 15], "rotation": 180, "texture": "#0"}
			}
		},
		{
			"from": [2, 2, 13],
			"to": [3, 3, 14],
			"faces": {
				"north": {"uv": [12, 14, 13, 15], "texture": "#0"},
				"east": {"uv": [12, 14, 13, 15], "texture": "#0"},
				"south": {"uv": [12, 14, 13, 15], "texture": "#0"},
				"west": {"uv": [12, 14, 13, 15], "texture": "#0"},
				"up": {"uv": [12, 14, 13, 15], "rotation": 180, "texture": "#0"},
				"down": {"uv": [12, 14, 13, 15], "rotation": 180, "texture": "#0"}
			}
		},
		{
			"from": [2, 1, 11],
			"to": [3, 4, 12],
			"faces": {
				"north": {"uv": [12, 14, 13, 15], "texture": "#0"},
				"east": {"uv": [12, 14, 13, 15], "texture": "#0"},
				"south": {"uv": [12, 14, 13, 15], "texture": "#0"},
				"west": {"uv": [12, 14, 13, 15], "texture": "#0"},
				"up": {"uv": [12, 14, 13, 15], "rotation": 180, "texture": "#0"},
				"down": {"uv": [12, 14, 13, 15], "rotation": 180, "texture": "#0"}
			}
		},
		{
			"from": [2, 6, 11],
			"to": [3, 7, 12],
			"faces": {
				"north": {"uv": [12, 14, 13, 15], "texture": "#0"},
				"east": {"uv": [12, 14, 13, 15], "texture": "#0"},
				"south": {"uv": [12, 14, 13, 15], "texture": "#0"},
				"west": {"uv": [12, 14, 13, 15], "texture": "#0"},
				"up": {"uv": [12, 14, 13, 15], "rotation": 180, "texture": "#0"},
				"down": {"uv": [12, 14, 13, 15], "rotation": 180, "texture": "#0"}
			}
		},
		{
			"from": [2, 5, 10],
			"to": [3, 6, 11],
			"faces": {
				"north": {"uv": [12, 14, 13, 15], "texture": "#0"},
				"east": {"uv": [12, 14, 13, 15], "texture": "#0"},
				"south": {"uv": [12, 14, 13, 15], "texture": "#0"},
				"west": {"uv": [12, 14, 13, 15], "texture": "#0"},
				"up": {"uv": [12, 14, 13, 15], "rotation": 180, "texture": "#0"},
				"down": {"uv": [12, 14, 13, 15], "rotation": 180, "texture": "#0"}
			}
		},
		{
			"from": [2, 0, 13],
			"to": [3, 1, 14],
			"faces": {
				"north": {"uv": [12, 15, 13, 16], "texture": "#0"},
				"east": {"uv": [12, 15, 13, 16], "texture": "#0"},
				"south": {"uv": [12, 15, 13, 16], "texture": "#0"},
				"west": {"uv": [12, 15, 13, 16], "texture": "#0"},
				"up": {"uv": [12, 15, 13, 16], "rotation": 180, "texture": "#0"},
				"down": {"uv": [12, 15, 13, 16], "rotation": 180, "texture": "#0"}
			}
		},
		{
			"from": [2, 0, 12],
			"to": [3, 1, 13],
			"faces": {
				"north": {"uv": [12, 15, 13, 16], "texture": "#0"},
				"east": {"uv": [12, 15, 13, 16], "texture": "#0"},
				"south": {"uv": [12, 15, 13, 16], "texture": "#0"},
				"west": {"uv": [12, 15, 13, 16], "texture": "#0"},
				"up": {"uv": [12, 15, 13, 16], "rotation": 180, "texture": "#0"},
				"down": {"uv": [12, 15, 13, 16], "rotation": 180, "texture": "#0"}
			}
		},
		{
			"from": [2, 0, 12],
			"to": [3, 1, 13],
			"faces": {
				"north": {"uv": [14, 15, 15, 16], "texture": "#2"},
				"east": {"uv": [14, 15, 15, 16], "texture": "#2"},
				"south": {"uv": [14, 15, 15, 16], "texture": "#2"},
				"west": {"uv": [14, 15, 15, 16], "texture": "#2"},
				"up": {"uv": [14, 15, 15, 16], "rotation": 180, "texture": "#2"},
				"down": {"uv": [14, 15, 15, 16], "rotation": 180, "texture": "#2"}
			}
		},
		{
			"from": [2, 2, 12],
			"to": [3, 3, 13],
			"faces": {
				"north": {"uv": [12, 15, 13, 16], "texture": "#0"},
				"east": {"uv": [12, 15, 13, 16], "texture": "#0"},
				"south": {"uv": [12, 15, 13, 16], "texture": "#0"},
				"west": {"uv": [12, 15, 13, 16], "texture": "#0"},
				"up": {"uv": [12, 15, 13, 16], "rotation": 180, "texture": "#0"},
				"down": {"uv": [12, 15, 13, 16], "rotation": 180, "texture": "#0"}
			}
		},
		{
			"from": [2, 4, 12],
			"to": [3, 5, 13],
			"faces": {
				"north": {"uv": [12, 15, 13, 16], "texture": "#0"},
				"east": {"uv": [12, 15, 13, 16], "texture": "#0"},
				"south": {"uv": [12, 15, 13, 16], "texture": "#0"},
				"west": {"uv": [12, 15, 13, 16], "texture": "#0"},
				"up": {"uv": [12, 15, 13, 16], "rotation": 180, "texture": "#0"},
				"down": {"uv": [12, 15, 13, 16], "rotation": 180, "texture": "#0"}
			}
		},
		{
			"from": [2, 3, 12],
			"to": [3, 4, 14],
			"faces": {
				"north": {"uv": [11, 13, 12, 14], "texture": "#0"},
				"east": {"uv": [11, 13, 12, 14], "texture": "#0"},
				"south": {"uv": [11, 13, 12, 14], "texture": "#0"},
				"west": {"uv": [11, 13, 12, 14], "texture": "#0"},
				"up": {"uv": [11, 13, 12, 14], "rotation": 180, "texture": "#0"},
				"down": {"uv": [11, 13, 12, 14], "rotation": 180, "texture": "#0"}
			}
		},
		{
			"from": [2, 4, 11],
			"to": [3, 6, 12],
			"faces": {
				"north": {"uv": [11, 13, 12, 14], "texture": "#0"},
				"east": {"uv": [11, 13, 12, 14], "texture": "#0"},
				"south": {"uv": [11, 13, 12, 14], "texture": "#0"},
				"west": {"uv": [11, 13, 12, 14], "texture": "#0"},
				"up": {"uv": [11, 13, 12, 14], "rotation": 180, "texture": "#0"},
				"down": {"uv": [11, 13, 12, 14], "rotation": 180, "texture": "#0"}
			}
		},
		{
			"from": [2, 3, 10],
			"to": [3, 5, 11],
			"faces": {
				"north": {"uv": [11, 13, 12, 14], "texture": "#0"},
				"east": {"uv": [11, 13, 12, 14], "texture": "#0"},
				"south": {"uv": [11, 13, 12, 14], "texture": "#0"},
				"west": {"uv": [11, 13, 12, 14], "texture": "#0"},
				"up": {"uv": [11, 13, 12, 14], "rotation": 180, "texture": "#0"},
				"down": {"uv": [11, 13, 12, 14], "rotation": 180, "texture": "#0"}
			}
		},
		{
			"from": [12, 1, 13],
			"to": [13, 2, 14],
			"faces": {
				"north": {"uv": [12, 14, 13, 15], "texture": "#0"},
				"east": {"uv": [12, 14, 13, 15], "texture": "#0"},
				"south": {"uv": [12, 14, 13, 15], "texture": "#0"},
				"west": {"uv": [12, 14, 13, 15], "texture": "#0"},
				"up": {"uv": [12, 14, 13, 15], "rotation": 270, "texture": "#0"},
				"down": {"uv": [12, 14, 13, 15], "rotation": 90, "texture": "#0"}
			}
		},
		{
			"from": [11, 2, 13],
			"to": [12, 3, 14],
			"faces": {
				"north": {"uv": [12, 14, 13, 15], "texture": "#0"},
				"east": {"uv": [12, 14, 13, 15], "texture": "#0"},
				"south": {"uv": [12, 14, 13, 15], "texture": "#0"},
				"west": {"uv": [12, 14, 13, 15], "texture": "#0"},
				"up": {"uv": [12, 14, 13, 15], "rotation": 270, "texture": "#0"},
				"down": {"uv": [12, 14, 13, 15], "rotation": 90, "texture": "#0"}
			}
		},
		{
			"from": [13, 1, 13],
			"to": [14, 2, 14],
			"faces": {
				"north": {"uv": [12, 14, 13, 15], "texture": "#0"},
				"east": {"uv": [12, 14, 13, 15], "texture": "#0"},
				"south": {"uv": [12, 14, 13, 15], "texture": "#0"},
				"west": {"uv": [12, 14, 13, 15], "texture": "#0"},
				"up": {"uv": [12, 14, 13, 15], "rotation": 270, "texture": "#0"},
				"down": {"uv": [12, 14, 13, 15], "rotation": 90, "texture": "#0"}
			}
		},
		{
			"from": [13, 2, 13],
			"to": [14, 3, 14],
			"faces": {
				"north": {"uv": [12, 14, 13, 15], "texture": "#0"},
				"east": {"uv": [12, 14, 13, 15], "texture": "#0"},
				"south": {"uv": [12, 14, 13, 15], "texture": "#0"},
				"west": {"uv": [12, 14, 13, 15], "texture": "#0"},
				"up": {"uv": [12, 14, 13, 15], "rotation": 270, "texture": "#0"},
				"down": {"uv": [12, 14, 13, 15], "rotation": 90, "texture": "#0"}
			}
		},
		{
			"from": [11, 0, 13],
			"to": [12, 1, 14],
			"faces": {
				"north": {"uv": [12, 15, 13, 16], "texture": "#0"},
				"east": {"uv": [12, 15, 13, 16], "texture": "#0"},
				"south": {"uv": [12, 15, 13, 16], "texture": "#0"},
				"west": {"uv": [12, 15, 13, 16], "texture": "#0"},
				"up": {"uv": [12, 15, 13, 16], "rotation": 270, "texture": "#0"},
				"down": {"uv": [12, 15, 13, 16], "rotation": 90, "texture": "#0"}
			}
		},
		{
			"from": [12, 0, 13],
			"to": [13, 1, 14],
			"faces": {
				"north": {"uv": [12, 15, 13, 16], "texture": "#0"},
				"east": {"uv": [12, 15, 13, 16], "texture": "#0"},
				"south": {"uv": [12, 15, 13, 16], "texture": "#0"},
				"west": {"uv": [12, 15, 13, 16], "texture": "#0"},
				"up": {"uv": [12, 15, 13, 16], "rotation": 270, "texture": "#0"},
				"down": {"uv": [12, 15, 13, 16], "rotation": 90, "texture": "#0"}
			}
		},
		{
			"from": [12, 2, 13],
			"to": [13, 3, 14],
			"faces": {
				"north": {"uv": [12, 15, 13, 16], "texture": "#0"},
				"east": {"uv": [12, 15, 13, 16], "texture": "#0"},
				"south": {"uv": [12, 15, 13, 16], "texture": "#0"},
				"west": {"uv": [12, 15, 13, 16], "texture": "#0"},
				"up": {"uv": [12, 15, 13, 16], "rotation": 270, "texture": "#0"},
				"down": {"uv": [12, 15, 13, 16], "rotation": 90, "texture": "#0"}
			}
		},
		{
			"from": [11, 3, 13],
			"to": [12, 4, 14],
			"faces": {
				"north": {"uv": [11, 13, 12, 14], "texture": "#0"},
				"east": {"uv": [11, 13, 12, 14], "texture": "#0"},
				"south": {"uv": [11, 13, 12, 14], "texture": "#0"},
				"west": {"uv": [11, 13, 12, 14], "texture": "#0"},
				"up": {"uv": [11, 13, 12, 14], "rotation": 270, "texture": "#0"},
				"down": {"uv": [11, 13, 12, 14], "rotation": 90, "texture": "#0"}
			}
		},
		{
			"from": [12, 3, 13],
			"to": [13, 4, 14],
			"faces": {
				"north": {"uv": [11, 13, 12, 14], "texture": "#0"},
				"east": {"uv": [11, 13, 12, 14], "texture": "#0"},
				"south": {"uv": [11, 13, 12, 14], "texture": "#0"},
				"west": {"uv": [11, 13, 12, 14], "texture": "#0"},
				"up": {"uv": [11, 13, 12, 14], "rotation": 270, "texture": "#0"},
				"down": {"uv": [11, 13, 12, 14], "rotation": 90, "texture": "#0"}
			}
		}
	],
	"groups": [
		{
			"name": "group",
			"origin": [0, 0, 0],
			"color": 0,
			"children": [
				0,
				1,
				2,
				3,
				4,
				5,
				6,
				7,
				8,
				9,
				10,
				11,
				12,
				13,
				14,
				15,
				16,
				17,
				18,
				19,
				20,
				21,
				22,
				23,
				24,
				25,
				26,
				27,
				28,
				29,
				30,
				31,
				32,
				33,
				34,
				35,
				36,
				37,
				38,
				39,
				40,
				41,
				42,
				43,
				44,
				{
					"name": "group",
					"origin": [0, 0, 0],
					"color": 0,
					"children": [45, 46, 47, 48, 49, 50, 51, 52, 53, 54, 55, 56, 57, 58, 59, 60, 61, 62, 63, 64, 65, 66, 67, 68, 69, 70, 71, 72, 73, 74, 75, 76, 77, 78, 79, 80, 81, 82, 83, 84, 85, 86, 87, 88, 89]
				}
			]
		},
		{
			"name": "group",
			"origin": [0, 0, 0],
			"color": 0,
			"children": [
				90,
				91,
				92,
				93,
				94,
				95,
				96,
				97,
				98,
				99,
				100,
				101,
				102,
				103,
				104,
				105,
				106,
				107,
				108,
				109,
				110,
				111,
				112,
				113,
				114,
				115,
				116,
				{
					"name": "group",
					"origin": [0, 0, 0],
					"color": 0,
					"children": [117, 118, 119, 120, 121, 122, 123, 124, 125, 126, 127, 128, 129, 130, 131, 132, 133, 134, 135, 136, 137, 138, 139]
				}
			]
		},
		{
			"name": "group",
			"origin": [0, 0, 0],
			"color": 0,
			"children": [140, 141, 142, 143, 144, 145, 146, 147, 148, 149, 150, 151, 152]
		},
		{
			"name": "group",
			"origin": [0, 0, 0],
			"color": 0,
			"children": [153, 154, 155, 156, 157, 158, 159, 160, 161]
		},
		{
			"name": "group",
			"origin": [0, 0, 0],
			"color": 0,
			"children": []
		}
	]
}
