{
"textures": {
		"1": "block/jungle_log",
		"3": "block/spruce_sapling_leaves",
		"particle": "block/jungle_log"
	},
	"elements": [
		{
			"from": [6, 0, 7],
			"to": [9, 13, 10],
			"faces": {
				"north": {"uv": [0, 0, 3, 11], "texture": "#1"},
				"east": {"uv": [2, 0, 5, 11], "texture": "#1"},
				"south": {"uv": [8, 0, 11, 13], "texture": "#1"},
				"west": {"uv": [13, 0, 16, 11], "texture": "#1"},
				"up": {"uv": [0, 0, 3, 3], "texture": "#1"},
				"down": {"uv": [0, 0, 2, 2], "texture": "#1"}
			}
		},
		{
			"from": [5, 9, 7],
			"to": [7, 17, 9],
			"rotation": {"angle": -22.5, "axis": "z", "origin": [0, 2, 0]},
			"faces": {
				"north": {"uv": [0, 0, 2, 10], "texture": "#1"},
				"east": {"uv": [2, 0, 4, 10], "texture": "#1"},
				"south": {"uv": [8, 0, 10, 10], "texture": "#1"},
				"west": {"uv": [14, 0, 16, 10], "texture": "#1"},
				"up": {"uv": [0, 0, 2, 2], "texture": "#1"},
				"down": {"uv": [0, 0, 2, 2], "texture": "#1"}
			}
		},
		{
			"from": [9, 1, 8],
			"to": [11, 9, 10],
			"rotation": {"angle": 45, "axis": "z", "origin": [0, 3, 1]},
			"faces": {
				"north": {"uv": [0, 0, 2, 10], "texture": "#1"},
				"east": {"uv": [2, 0, 4, 10], "texture": "#1"},
				"south": {"uv": [8, 0, 10, 10], "texture": "#1"},
				"west": {"uv": [14, 0, 16, 10], "texture": "#1"},
				"up": {"uv": [0, 0, 2, 2], "texture": "#1"},
				"down": {"uv": [0, 0, 2, 2], "texture": "#1"}
			}
		},
		{
			"from": [10, 12, 6],
			"to": [16, 18, 12],
			"rotation": {"angle": 0, "axis": "y", "origin": [0, 2, 0]},
			"faces": {
				"north": {"uv": [0, 0, 6, 6], "texture": "#3"},
				"east": {"uv": [0, 0, 6, 6], "texture": "#3"},
				"south": {"uv": [0, 0, 6, 6], "texture": "#3"},
				"west": {"uv": [0, 0, 6, 6], "texture": "#3"},
				"up": {"uv": [0, 0, 6, 6], "texture": "#3"},
				"down": {"uv": [0, 0, 6, 6], "texture": "#3"}
			}
		},
		{
			"from": [-1, 12, 6],
			"to": [4, 17, 11],
			"rotation": {"angle": 0, "axis": "y", "origin": [0, 3, 1]},
			"faces": {
				"north": {"uv": [0, 0, 5, 5], "texture": "#3"},
				"east": {"uv": [0, 0, 5, 5], "texture": "#3"},
				"south": {"uv": [0, 0, 5, 5], "texture": "#3"},
				"west": {"uv": [0, 0, 5, 5], "texture": "#3"},
				"up": {"uv": [0, 0, 5, 5], "texture": "#3"},
				"down": {"uv": [0, 0, 5, 5], "texture": "#3"}
			}
		},
		{
			"from": [5, 12, -2],
			"to": [11, 18, 4],
			"rotation": {"angle": 0, "axis": "y", "origin": [0, 4, 0]},
			"faces": {
				"north": {"uv": [0, 0, 6, 6], "texture": "#3"},
				"east": {"uv": [0, 0, 6, 6], "texture": "#3"},
				"south": {"uv": [0, 0, 6, 6], "texture": "#3"},
				"west": {"uv": [0, 0, 6, 6], "texture": "#3"},
				"up": {"uv": [0, 0, 6, 6], "texture": "#3"},
				"down": {"uv": [0, 0, 6, 6], "texture": "#3"}
			}
		},
		{
			"from": [4, 10, 12],
			"to": [9, 15, 17],
			"faces": {
				"north": {"uv": [0, 0, 5, 5], "texture": "#3"},
				"east": {"uv": [0, 0, 5, 5], "texture": "#3"},
				"south": {"uv": [0, 0, 5, 5], "texture": "#3"},
				"west": {"uv": [0, 0, 5, 5], "texture": "#3"},
				"up": {"uv": [0, 0, 5, 5], "texture": "#3"},
				"down": {"uv": [0, 0, 5, 5], "texture": "#3"}
			}
		},
		{
			"from": [7, 12, -2],
			"to": [9, 14, 5],
			"rotation": {"angle": 22.5, "axis": "x", "origin": [0, 4, 0]},
			"faces": {
				"north": {"uv": [0, 0, 2, 2], "texture": "#1"},
				"east": {"uv": [0, 0, 7, 2], "texture": "#1"},
				"south": {"uv": [0, 0, 2, 2], "texture": "#1"},
				"west": {"uv": [0, 0, 7, 2], "texture": "#1"},
				"up": {"uv": [0, 0, 2, 7], "texture": "#1"},
				"down": {"uv": [0, 0, 2, 7], "texture": "#1"}
			}
		},
		{
			"from": [6, 9, 9],
			"to": [8, 11, 15],
			"faces": {
				"north": {"uv": [0, 0, 2, 2], "rotation": 180, "texture": "#1"},
				"east": {"uv": [0, 0, 6, 2], "rotation": 180, "texture": "#1"},
				"south": {"uv": [0, 0, 2, 2], "rotation": 180, "texture": "#1"},
				"west": {"uv": [0, 0, 6, 2], "rotation": 180, "texture": "#1"},
				"up": {"uv": [0, 0, 2, 6], "texture": "#1"},
				"down": {"uv": [0, 0, 2, 6], "texture": "#1"}
			}
		},
		{
			"from": [5, 8, 5],
			"to": [8, 11, 8],
			"faces": {
				"north": {"uv": [1, 9, 4, 12], "texture": "#3"},
				"east": {"uv": [0, 0, 3, 3], "texture": "#3"},
				"south": {"uv": [8, 4, 11, 7], "texture": "#3"},
				"west": {"uv": [4, 6, 7, 9], "texture": "#3"},
				"up": {"uv": [4, 0, 7, 3], "texture": "#3"},
				"down": {"uv": [7, 9, 10, 12], "texture": "#3"}
			}
		},
		{
			"from": [8, 7, 8],
			"to": [11, 10, 11],
			"faces": {
				"north": {"uv": [1, 12, 4, 15], "texture": "#3"},
				"east": {"uv": [5, 1, 8, 4], "texture": "#3"},
				"south": {"uv": [12, 3, 15, 6], "texture": "#3"},
				"west": {"uv": [4, 6, 7, 9], "texture": "#3"},
				"up": {"uv": [4, 0, 7, 3], "texture": "#3"},
				"down": {"uv": [6, 8, 9, 11], "texture": "#3"}
			}
		}
	]
}
