{
	"credit": "Made by Botany",
	"ambientocclusion": false,
	"textures": {
		"1": "block/dark_oak_log",
		"3": "block/spruce_sapling_leaves",
		"particle": "block/flower_pot",
		"flowerpot": "block/flower_pot",
		"dirt": "block/dirt"
	},
	"elements": [
		{
			"from": [5, 0, 5],
			"to": [6, 6, 11],
			"faces": {
				"north": {"uv": [10, 10, 11, 16], "texture": "#flowerpot"},
				"east": {"uv": [5, 10, 11, 16], "texture": "#flowerpot"},
				"south": {"uv": [5, 10, 6, 16], "texture": "#flowerpot"},
				"west": {"uv": [5, 10, 11, 16], "texture": "#flowerpot"},
				"up": {"uv": [5, 5, 6, 11], "texture": "#flowerpot"},
				"down": {"uv": [5, 5, 6, 11], "texture": "#flowerpot", "cullface": "down"}
			}
		},
		{
			"from": [10, 0, 5],
			"to": [11, 6, 11],
			"faces": {
				"north": {"uv": [5, 10, 6, 16], "texture": "#flowerpot"},
				"east": {"uv": [5, 10, 11, 16], "texture": "#flowerpot"},
				"south": {"uv": [10, 10, 11, 16], "texture": "#flowerpot"},
				"west": {"uv": [5, 10, 11, 16], "texture": "#flowerpot"},
				"up": {"uv": [10, 5, 11, 11], "texture": "#flowerpot"},
				"down": {"uv": [10, 5, 11, 11], "texture": "#flowerpot", "cullface": "down"}
			}
		},
		{
			"from": [6, 0, 5],
			"to": [10, 6, 6],
			"faces": {
				"north": {"uv": [6, 10, 10, 16], "texture": "#flowerpot"},
				"south": {"uv": [6, 10, 10, 16], "texture": "#flowerpot"},
				"up": {"uv": [6, 5, 10, 6], "texture": "#flowerpot"},
				"down": {"uv": [6, 10, 10, 11], "texture": "#flowerpot", "cullface": "down"}
			}
		},
		{
			"from": [6, 0, 10],
			"to": [10, 6, 11],
			"faces": {
				"north": {"uv": [6, 10, 10, 16], "texture": "#flowerpot"},
				"south": {"uv": [6, 10, 10, 16], "texture": "#flowerpot"},
				"up": {"uv": [6, 10, 10, 11], "texture": "#flowerpot"},
				"down": {"uv": [6, 5, 10, 6], "texture": "#flowerpot", "cullface": "down"}
			}
		},
		{
			"from": [6, 0, 6],
			"to": [10, 4, 10],
			"faces": {
				"up": {"uv": [6, 6, 10, 10], "texture": "#dirt"},
				"down": {"uv": [6, 12, 10, 16], "texture": "#flowerpot", "cullface": "down"}
			}
		},
		{
			"from": [6.5, 2, 6.5],
			"to": [9.5, 15, 9.5],
			"rotation": {"angle": 0, "axis": "y", "origin": [0.5, 2, -0.5]},
			"faces": {
				"north": {"uv": [0, 0, 2, 10], "texture": "#1"},
				"east": {"uv": [2, 0, 4, 10], "texture": "#1"},
				"south": {"uv": [8, 0, 11, 13], "texture": "#1"},
				"west": {"uv": [14, 0, 16, 10], "texture": "#1"},
				"up": {"uv": [0, 0, 3, 3], "texture": "#1"},
				"down": {"uv": [0, 0, 2, 2], "texture": "#1"}
			}
		},
		{
			"from": [5.5, 11, 6.5],
			"to": [7.5, 19, 8.5],
			"rotation": {"angle": -22.5, "axis": "z", "origin": [0.5, 4, -0.5]},
			"faces": {
				"north": {"uv": [0, 0, 2, 10], "texture": "#1"},
				"east": {"uv": [2, 0, 4, 10], "texture": "#1"},
				"south": {"uv": [8, 0, 10, 10], "texture": "#1"},
				"west": {"uv": [14, 0, 16, 10], "texture": "#1"},
				"up": {"uv": [0, 0, 2, 2], "texture": "#1"},
				"down": {"uv": [0, 0, 2, 2], "texture": "#1"}
			}
		},
		{
			"from": [9.5, 1, 7.5],
			"to": [11.5, 9, 9.5],
			"rotation": {"angle": 45, "axis": "z", "origin": [0.5, 2, 0.5]},
			"faces": {
				"north": {"uv": [0, 0, 2, 10], "texture": "#1"},
				"east": {"uv": [2, 0, 4, 10], "texture": "#1"},
				"south": {"uv": [8, 0, 10, 10], "texture": "#1"},
				"west": {"uv": [14, 0, 16, 10], "texture": "#1"},
				"up": {"uv": [0, 0, 2, 2], "texture": "#1"},
				"down": {"uv": [0, 0, 2, 2], "texture": "#1"}
			}
		},
		{
			"from": [10.5, 14, 5.5],
			"to": [17.5, 21, 12.5],
			"rotation": {"angle": 0, "axis": "y", "origin": [0.5, 4, -0.5]},
			"faces": {
				"north": {"uv": [0, 0, 7, 7], "texture": "#3"},
				"east": {"uv": [0, 0, 7, 7], "texture": "#3"},
				"south": {"uv": [0, 0, 7, 7], "texture": "#3"},
				"west": {"uv": [0, 0, 7, 7], "texture": "#3"},
				"up": {"uv": [0, 0, 7, 7], "texture": "#3"},
				"down": {"uv": [0, 0, 7, 7], "texture": "#3"}
			}
		},
		{
			"from": [-0.5, 11, 5.5],
			"to": [4.5, 16, 10.5],
			"rotation": {"angle": 0, "axis": "y", "origin": [0.5, 2, 0.5]},
			"faces": {
				"north": {"uv": [0, 0, 5, 5], "texture": "#3"},
				"east": {"uv": [0, 0, 5, 5], "texture": "#3"},
				"south": {"uv": [0, 0, 5, 5], "texture": "#3"},
				"west": {"uv": [0, 0, 5, 5], "texture": "#3"},
				"up": {"uv": [0, 0, 5, 5], "texture": "#3"},
				"down": {"uv": [0, 0, 5, 5], "texture": "#3"}
			}
		},
		{
			"from": [5.5, 11, -2.5],
			"to": [11.5, 17, 3.5],
			"rotation": {"angle": 0, "axis": "y", "origin": [0.5, 3, -0.5]},
			"faces": {
				"north": {"uv": [0, 0, 6, 6], "texture": "#3"},
				"east": {"uv": [0, 0, 6, 6], "texture": "#3"},
				"south": {"uv": [0, 0, 6, 6], "texture": "#3"},
				"west": {"uv": [0, 0, 6, 6], "texture": "#3"},
				"up": {"uv": [0, 0, 6, 6], "texture": "#3"},
				"down": {"uv": [0, 0, 6, 6], "texture": "#3"}
			}
		},
		{
			"from": [4.5, 8, 11.5],
			"to": [9.5, 13, 16.5],
			"rotation": {"angle": 0, "axis": "y", "origin": [0.5, 2, -0.5]},
			"faces": {
				"north": {"uv": [0, 0, 5, 5], "texture": "#3"},
				"east": {"uv": [0, 0, 5, 5], "texture": "#3"},
				"south": {"uv": [0, 0, 5, 5], "texture": "#3"},
				"west": {"uv": [0, 0, 5, 5], "texture": "#3"},
				"up": {"uv": [0, 0, 5, 5], "texture": "#3"},
				"down": {"uv": [0, 0, 5, 5], "texture": "#3"}
			}
		},
		{
			"from": [7.5, 11, -2.5],
			"to": [9.5, 13, 4.5],
			"rotation": {"angle": 22.5, "axis": "x", "origin": [0.5, 3, -0.5]},
			"faces": {
				"north": {"uv": [0, 0, 2, 2], "texture": "#1"},
				"east": {"uv": [0, 0, 7, 2], "texture": "#1"},
				"south": {"uv": [0, 0, 2, 2], "texture": "#1"},
				"west": {"uv": [0, 0, 7, 2], "texture": "#1"},
				"up": {"uv": [0, 0, 2, 7], "texture": "#1"},
				"down": {"uv": [0, 0, 2, 7], "texture": "#1"}
			}
		},
		{
			"from": [6.5, 7, 8.5],
			"to": [8.5, 9, 14.5],
			"rotation": {"angle": 0, "axis": "y", "origin": [0.5, 2, -0.5]},
			"faces": {
				"north": {"uv": [0, 0, 2, 2], "rotation": 180, "texture": "#1"},
				"east": {"uv": [0, 0, 6, 2], "rotation": 180, "texture": "#1"},
				"south": {"uv": [0, 0, 2, 2], "rotation": 180, "texture": "#1"},
				"west": {"uv": [0, 0, 6, 2], "rotation": 180, "texture": "#1"},
				"up": {"uv": [0, 0, 2, 6], "texture": "#1"},
				"down": {"uv": [0, 0, 2, 6], "texture": "#1"}
			}
		},
		{
			"from": [5.5, 7, 4.5],
			"to": [8.5, 10, 7.5],
			"rotation": {"angle": 0, "axis": "y", "origin": [0.5, 2, -0.5]},
			"faces": {
				"north": {"uv": [1, 9, 4, 12], "texture": "#3"},
				"east": {"uv": [0, 0, 3, 3], "texture": "#3"},
				"south": {"uv": [8, 4, 11, 7], "texture": "#3"},
				"west": {"uv": [4, 6, 7, 9], "texture": "#3"},
				"up": {"uv": [4, 0, 7, 3], "texture": "#3"},
				"down": {"uv": [7, 9, 10, 12], "texture": "#3"}
			}
		},
		{
			"from": [8.5, 9, 7.5],
			"to": [11.5, 12, 10.5],
			"rotation": {"angle": 0, "axis": "y", "origin": [0.5, 2, -0.5]},
			"faces": {
				"north": {"uv": [1, 12, 4, 15], "texture": "#3"},
				"east": {"uv": [5, 1, 8, 4], "texture": "#3"},
				"south": {"uv": [12, 3, 15, 6], "texture": "#3"},
				"west": {"uv": [4, 6, 7, 9], "texture": "#3"},
				"up": {"uv": [4, 0, 7, 3], "texture": "#3"},
				"down": {"uv": [6, 8, 9, 11], "texture": "#3"}
			}
		}
	],
	"groups": [0, 1, 2, 3, 4,
		{
			"name": "dark_oak_sapling",
			"origin": [8, 8, 8],
			"color": 0,
			"children": [5, 6, 7, 8, 9, 10, 11, 12, 13, 14, 15]
		}
	]
}
