{
	"credit": "Made by Botany",
	"parent": "block/block",
	"textures": {
		"particle": "block/spore_blossom",
		"flower": "block/spore_blossom",
		"base": "block/spore_blossom_base"
	},
	"elements": [
		{
			"from": [1, 15.9, 1],
			"to": [15, 15.9, 15],
			"shade": false,
			"faces": {
				"up": {"uv": [1, 1, 15, 15], "texture": "#base"},
				"down": {"uv": [1, 1, 15, 15], "texture": "#base"}
			}
		},
		{
			"from": [6.5, 14.4, 6.5],
			"to": [9.5, 15.4, 9.5],
			"faces": {
				"north": {"uv": [7, 14, 9, 15], "texture": "#flower"},
				"east": {"uv": [7, 14, 9, 15], "texture": "#flower"},
				"south": {"uv": [7, 14, 9, 15], "texture": "#flower"},
				"west": {"uv": [7, 14, 9, 15], "texture": "#flower"},
				"up": {"uv": [7, 14, 9, 16], "texture": "#flower"},
				"down": {"uv": [7, 14, 9, 16], "texture": "#flower"}
			}
		},
		{
			"from": [4.6, 11.2, 6.3],
			"to": [11.6, 12.2, 12.3],
			"rotation": {"angle": -22.5, "axis": "x", "origin": [-0.4, 0, 0]},
			"faces": {
				"north": {"uv": [5, 6, 11, 7], "texture": "#flower"},
				"east": {"uv": [5, 10, 11, 11], "texture": "#flower"},
				"south": {"uv": [5, 12, 11, 13], "texture": "#flower"},
				"west": {"uv": [5, 10, 11, 11], "texture": "#flower"},
				"up": {"uv": [5, 5, 11, 10], "rotation": 180, "texture": "#flower"},
				"down": {"uv": [5, 8, 11, 13], "rotation": 180, "texture": "#flower"}
			}
		},
		{
			"from": [2.5, 17.35, 4.5],
			"to": [8.5, 18.35, 11.5],
			"rotation": {"angle": -22.5, "axis": "z", "origin": [0, 0, 0]},
			"faces": {
				"north": {"uv": [5, 10, 11, 11], "texture": "#flower"},
				"east": {"uv": [5, 6, 11, 7], "texture": "#flower"},
				"south": {"uv": [5, 10, 11, 11], "texture": "#flower"},
				"west": {"uv": [5, 12, 11, 13], "texture": "#flower"},
				"up": {"uv": [5, 5, 11, 10], "rotation": 270, "texture": "#flower"},
				"down": {"uv": [5, 8, 11, 13], "rotation": 90, "texture": "#flower"}
			}
		},
		{
			"from": [8.5, 17.35, 5.5],
			"to": [9.5, 18.35, 10.5],
			"rotation": {"angle": -22.5, "axis": "z", "origin": [0, 0, 0]},
			"faces": {
				"north": {"uv": [5, 6, 11, 7], "texture": "#flower"},
				"east": {"uv": [5, 6, 11, 7], "texture": "#flower"},
				"south": {"uv": [5, 6, 11, 7], "texture": "#flower"},
				"west": {"uv": [5, 6, 11, 7], "texture": "#flower"},
				"up": {"uv": [5, 6, 11, 7], "texture": "#flower"},
				"down": {"uv": [5, 6, 11, 7], "texture": "#flower"}
			}
		},
		{
			"from": [6.3, 11.2, 4.5],
			"to": [12.3, 12.2, 11.5],
			"rotation": {"angle": 22.5, "axis": "z", "origin": [0, 0, 0]},
			"faces": {
				"north": {"uv": [5, 10, 11, 11], "texture": "#flower"},
				"east": {"uv": [5, 12, 11, 13], "texture": "#flower"},
				"south": {"uv": [5, 10, 11, 11], "texture": "#flower"},
				"west": {"uv": [5, 6, 11, 7], "texture": "#flower"},
				"up": {"uv": [5, 5, 11, 10], "rotation": 90, "texture": "#flower"},
				"down": {"uv": [5, 8, 11, 13], "rotation": 270, "texture": "#flower"}
			}
		},
		{
			"from": [5.3, 11.2, 5.5],
			"to": [6.3, 12.2, 10.5],
			"rotation": {"angle": 22.5, "axis": "z", "origin": [0, 0, 0]},
			"faces": {
				"north": {"uv": [5, 6, 11, 7], "texture": "#flower"},
				"east": {"uv": [5, 6, 11, 7], "texture": "#flower"},
				"south": {"uv": [5, 6, 11, 7], "texture": "#flower"},
				"west": {"uv": [5, 6, 11, 7], "texture": "#flower"},
				"up": {"uv": [5, 6, 11, 7], "texture": "#flower"},
				"down": {"uv": [5, 6, 11, 7], "texture": "#flower"}
			}
		},
		{
			"from": [4.5, 17.3, 2.5],
			"to": [11.5, 18.3, 8.5],
			"rotation": {"angle": 22.5, "axis": "x", "origin": [0.1, 0, 0]},
			"faces": {
				"north": {"uv": [5, 12, 11, 13], "texture": "#flower"},
				"east": {"uv": [5, 10, 11, 11], "texture": "#flower"},
				"south": {"uv": [5, 6, 11, 7], "texture": "#flower"},
				"west": {"uv": [5, 10, 11, 11], "texture": "#flower"},
				"up": {"uv": [5, 5, 11, 10], "texture": "#flower"},
				"down": {"uv": [5, 8, 11, 13], "texture": "#flower"}
			}
		},
		{
			"from": [4.1, 15, 4.1],
			"to": [11.85, 16, 11.85],
			"faces": {
				"north": {"uv": [4, 6, 12, 7], "texture": "#flower"},
				"east": {"uv": [4, 6, 12, 7], "texture": "#flower"},
				"south": {"uv": [4, 6, 12, 7], "texture": "#flower"},
				"west": {"uv": [4, 6, 12, 7], "texture": "#flower"},
				"up": {"uv": [4, 6, 12, 14], "texture": "#flower"},
				"down": {"uv": [4, 6, 12, 14], "texture": "#flower"}
			}
		},
		{
			"from": [5.5, 17.3, 8.5],
			"to": [10.5, 18.3, 9.5],
			"rotation": {"angle": 22.5, "axis": "x", "origin": [0.1, 0, 0]},
			"faces": {
				"north": {"uv": [5, 6, 11, 7], "texture": "#flower"},
				"east": {"uv": [5, 6, 11, 7], "texture": "#flower"},
				"south": {"uv": [5, 6, 11, 7], "texture": "#flower"},
				"west": {"uv": [5, 6, 11, 7], "texture": "#flower"},
				"up": {"uv": [5, 6, 11, 7], "texture": "#flower"},
				"down": {"uv": [5, 6, 11, 7], "texture": "#flower"}
			}
		},
		{
			"from": [5.6, 11.2, 5.3],
			"to": [10.6, 12.2, 6.3],
			"rotation": {"angle": -22.5, "axis": "x", "origin": [-0.4, 0, 0]},
			"faces": {
				"north": {"uv": [5, 6, 11, 7], "texture": "#flower"},
				"east": {"uv": [5, 6, 11, 7], "texture": "#flower"},
				"south": {"uv": [5, 6, 11, 7], "texture": "#flower"},
				"west": {"uv": [5, 6, 11, 7], "texture": "#flower"},
				"up": {"uv": [5, 6, 11, 7], "texture": "#flower"},
				"down": {"uv": [5, 6, 11, 7], "texture": "#flower"}
			}
		}
	]
}
